dataset,model,WQL,MASE,win_rate,n_valid_mase,n_series,elapsed_s,forecast_s,metric_s,vis_s
H1024_phihigh_rhohigh_s00,chronos-2:autogluon/chronos-2,0.2806184884761602,0.4182114754412664,0.9853515625,1024,128,8.9,5.46,0.27,0.0
H1024_phihigh_rhohigh_s01,chronos-2:autogluon/chronos-2,0.2741141428382651,0.41082075658001194,0.9892578125,1024,128,7.7,4.89,0.19,0.0
H1024_phihigh_rhohigh_s02,chronos-2:autogluon/chronos-2,0.2870984172650892,0.43256516424188574,0.9814453125,1024,128,7.7,5.31,0.19,0.0
H1024_phihigh_rhohigh_s03,chronos-2:autogluon/chronos-2,0.274954196754964,0.4136944286312034,0.9853515625,1024,128,7.1,4.72,0.19,0.0
H1024_phihigh_rhohigh_s04,chronos-2:autogluon/chronos-2,0.27683609810699744,0.4162215810973753,0.982421875,1024,128,7.1,4.7,0.18,0.0
H1024_phihigh_rhohigh_s05,chronos-2:autogluon/chronos-2,0.2717213664392738,0.4118372474605922,0.9873046875,1024,128,7.0,4.63,0.15,0.0
H1024_phihigh_rhohigh_s06,chronos-2:autogluon/chronos-2,0.2641725291239625,0.3992614010671134,0.9873046875,1024,128,7.1,4.62,0.15,0.0
H1024_phihigh_rhohigh_s07,chronos-2:autogluon/chronos-2,0.26985470501715914,0.40416452411505677,0.9892578125,1024,128,7.9,4.65,0.18,0.0
H1024_phihigh_rhohigh_s08,chronos-2:autogluon/chronos-2,0.2693333599323849,0.40462903016472596,0.9931640625,1024,128,8.0,4.82,0.16,0.0
H1024_phihigh_rhohigh_s09,chronos-2:autogluon/chronos-2,0.2581414246321032,0.38799237432704775,0.994140625,1024,128,7.8,4.9,0.16,0.0
H1024_phihigh_rhohigh_s10,chronos-2:autogluon/chronos-2,0.27300434149179614,0.41049848762081775,0.982421875,1024,128,7.1,4.83,0.16,0.0
H1024_phihigh_rhohigh_s11,chronos-2:autogluon/chronos-2,0.2814966972303532,0.4261518467038715,0.98828125,1024,128,8.5,5.33,0.18,0.0
H1024_phihigh_rhohigh_s12,chronos-2:autogluon/chronos-2,0.2887024199524902,0.43347126991076046,0.9765625,1024,128,7.7,4.69,0.2,0.0
H1024_phihigh_rhohigh_s13,chronos-2:autogluon/chronos-2,0.28220272814692393,0.4240265871969131,0.9794921875,1024,128,7.1,4.7,0.16,0.0
H1024_phihigh_rhohigh_s14,chronos-2:autogluon/chronos-2,0.27657512793524236,0.41143737944363734,0.982421875,1024,128,7.1,4.76,0.16,0.0
H1024_phihigh_rhohigh_s15,chronos-2:autogluon/chronos-2,0.27731796012626997,0.4169306129390138,0.982421875,1024,128,7.3,4.72,0.18,0.0
H1024_phihigh_rholow_s00,chronos-2:autogluon/chronos-2,0.2595699252789403,0.38850816601564775,0.98828125,1024,128,6.9,4.84,0.2,0.0
H1024_phihigh_rholow_s01,chronos-2:autogluon/chronos-2,0.25872398377578965,0.39401909156016146,0.9892578125,1024,128,7.2,4.73,0.16,0.0
H1024_phihigh_rholow_s02,chronos-2:autogluon/chronos-2,0.25686839296162256,0.39598114861325284,0.9892578125,1024,128,6.6,4.76,0.15,0.0
H1024_phihigh_rholow_s03,chronos-2:autogluon/chronos-2,0.2593962563179461,0.39428494572809314,0.9873046875,1024,128,7.2,4.76,0.21,0.0
H1024_phihigh_rholow_s04,chronos-2:autogluon/chronos-2,0.261599431042283,0.39663830982147996,0.9951171875,1024,128,7.1,5.16,0.17,0.0
H1024_phihigh_rholow_s05,chronos-2:autogluon/chronos-2,0.2582117701779351,0.39756490650812765,0.9892578125,1024,128,7.9,4.69,0.16,0.0
H1024_phihigh_rholow_s06,chronos-2:autogluon/chronos-2,0.267051314434429,0.4101246962315572,0.98828125,1024,128,7.6,4.72,0.16,0.0
H1024_phihigh_rholow_s07,chronos-2:autogluon/chronos-2,0.25398942239258654,0.38186038701155695,0.9931640625,1024,128,6.9,4.78,0.18,0.0
H1024_phihigh_rholow_s08,chronos-2:autogluon/chronos-2,0.2588008942947724,0.3894871601960179,0.994140625,1024,128,7.5,4.85,0.2,0.0
H1024_phihigh_rholow_s09,chronos-2:autogluon/chronos-2,0.2526369931353687,0.38170140872592023,0.9951171875,1024,128,7.6,4.76,0.16,0.0
H1024_phihigh_rholow_s10,chronos-2:autogluon/chronos-2,0.2577786637226213,0.39311924917218566,0.9892578125,1024,128,7.1,4.72,0.15,0.0
H1024_phihigh_rholow_s11,chronos-2:autogluon/chronos-2,0.2542613527647388,0.3891233554672816,0.990234375,1024,128,7.2,4.74,0.19,0.0
H1024_phihigh_rholow_s12,chronos-2:autogluon/chronos-2,0.259472353787364,0.393437477893113,0.9912109375,1024,128,6.9,4.71,0.17,0.0
H1024_phihigh_rholow_s13,chronos-2:autogluon/chronos-2,0.25437882030547854,0.382181132555942,0.99609375,1024,128,7.2,5.21,0.2,0.0
H1024_phihigh_rholow_s14,chronos-2:autogluon/chronos-2,0.25494504295206527,0.3832776380034069,0.9931640625,1024,128,6.8,4.69,0.16,0.0
H1024_phihigh_rholow_s15,chronos-2:autogluon/chronos-2,0.2602187913567148,0.39539630185200936,0.994140625,1024,128,6.9,4.69,0.16,0.0
H1024_phihigh_rhomid_s00,chronos-2:autogluon/chronos-2,0.3044919977330915,0.456134829596096,0.982421875,1024,128,7.3,4.68,0.19,0.0
H1024_phihigh_rhomid_s01,chronos-2:autogluon/chronos-2,0.30727450208656326,0.4657333747532354,0.97265625,1024,128,7.4,4.72,0.18,0.0
H1024_phihigh_rhomid_s02,chronos-2:autogluon/chronos-2,0.29786271809703607,0.45700044783938243,0.978515625,1024,128,8.1,4.67,0.15,0.0
H1024_phihigh_rhomid_s03,chronos-2:autogluon/chronos-2,0.2952923378175299,0.4470682040389839,0.9833984375,1024,128,7.5,4.64,0.17,0.0
H1024_phihigh_rhomid_s04,chronos-2:autogluon/chronos-2,0.3052865590065803,0.46013468342146224,0.98046875,1024,128,7.7,4.68,0.18,0.0
H1024_phihigh_rhomid_s05,chronos-2:autogluon/chronos-2,0.30629740353166934,0.46904555853977115,0.966796875,1024,128,7.1,4.65,0.19,0.0
H1024_phihigh_rhomid_s06,chronos-2:autogluon/chronos-2,0.297925141185649,0.45635617164362047,0.974609375,1024,128,7.9,5.11,0.16,0.0
H1024_phihigh_rhomid_s07,chronos-2:autogluon/chronos-2,0.30299228671806744,0.4566819378500133,0.9765625,1024,128,6.7,4.67,0.15,0.0
H1024_phihigh_rhomid_s08,chronos-2:autogluon/chronos-2,0.2978019783512112,0.4483331513452939,0.9833984375,1024,128,6.5,4.6,0.18,0.0
H1024_phihigh_rhomid_s09,chronos-2:autogluon/chronos-2,0.2997625589237691,0.45255242418969466,0.9833984375,1024,128,6.7,4.68,0.18,0.0
H1024_phihigh_rhomid_s10,chronos-2:autogluon/chronos-2,0.3049501741336834,0.4628414511460386,0.9716796875,1024,128,7.1,4.71,0.15,0.0
H1024_phihigh_rhomid_s11,chronos-2:autogluon/chronos-2,0.3037435528391782,0.4635955205563125,0.9775390625,1024,128,8.0,4.71,0.17,0.0
H1024_phihigh_rhomid_s12,chronos-2:autogluon/chronos-2,0.2965309671516908,0.44857245200864904,0.9833984375,1024,128,7.5,4.57,0.17,0.0
H1024_phihigh_rhomid_s13,chronos-2:autogluon/chronos-2,0.31067668998563713,0.4687921012919819,0.9794921875,1024,128,6.8,4.68,0.19,0.0
H1024_phihigh_rhomid_s14,chronos-2:autogluon/chronos-2,0.30160139306986034,0.4556622571417148,0.96875,1024,128,7.0,4.67,0.16,0.0
H1024_phihigh_rhomid_s15,chronos-2:autogluon/chronos-2,0.3040310909021676,0.46206733215328144,0.982421875,1024,128,7.3,5.2,0.16,0.0
H1024_philow_rhohigh_s00,chronos-2:autogluon/chronos-2,0.27955892799269644,0.36932227534415485,1.0,1024,128,7.6,4.67,0.2,0.0
H1024_philow_rhohigh_s01,chronos-2:autogluon/chronos-2,0.27659592865940863,0.3710354181334909,1.0,1024,128,7.7,4.64,0.18,0.0
H1024_philow_rhohigh_s02,chronos-2:autogluon/chronos-2,0.2773348627050779,0.3728828650042145,1.0,1024,128,6.7,4.65,0.21,0.0
H1024_philow_rhohigh_s03,chronos-2:autogluon/chronos-2,0.2768985013535286,0.36925559228793214,1.0,1024,128,7.3,4.66,0.16,0.0
H1024_philow_rhohigh_s04,chronos-2:autogluon/chronos-2,0.2772775275022855,0.36936902043032094,1.0,1024,128,7.6,5.18,0.16,0.0
H1024_philow_rhohigh_s05,chronos-2:autogluon/chronos-2,0.27844880617382683,0.37301409855359224,1.0,1024,128,6.7,4.72,0.18,0.0
H1024_philow_rhohigh_s06,chronos-2:autogluon/chronos-2,0.27652175164440873,0.3718990187907103,1.0,1024,128,7.3,4.66,0.18,0.0
H1024_philow_rhohigh_s07,chronos-2:autogluon/chronos-2,0.27747371753359173,0.36900841679320706,1.0,1024,128,6.9,4.7,0.16,0.0
H1024_philow_rhohigh_s08,chronos-2:autogluon/chronos-2,0.2758756007538168,0.36758678928989247,1.0,1024,128,7.1,4.74,0.16,0.0
H1024_philow_rhohigh_s09,chronos-2:autogluon/chronos-2,0.27574469337639795,0.3678572208550164,1.0,1024,128,7.5,4.73,0.19,0.0
H1024_philow_rhohigh_s10,chronos-2:autogluon/chronos-2,0.27553235676440807,0.36838105922394115,1.0,1024,128,7.5,4.65,0.19,0.0
H1024_philow_rhohigh_s11,chronos-2:autogluon/chronos-2,0.27726374633468376,0.3718481490408234,1.0,1024,128,6.6,4.63,0.16,0.0
H1024_philow_rhohigh_s12,chronos-2:autogluon/chronos-2,0.27571263114945493,0.3689673677719566,1.0,1024,128,7.1,4.66,0.16,0.0
H1024_philow_rhohigh_s13,chronos-2:autogluon/chronos-2,0.2783038698845125,0.3693935370894803,1.0,1024,128,7.6,5.19,0.18,0.0
H1024_philow_rhohigh_s14,chronos-2:autogluon/chronos-2,0.2765537176046575,0.36622794541245285,1.0,1024,128,7.0,4.68,0.18,0.0
H1024_philow_rhohigh_s15,chronos-2:autogluon/chronos-2,0.2786106937025715,0.3724577819571188,1.0,1024,128,6.8,4.67,0.2,0.0
H1024_philow_rholow_s00,chronos-2:autogluon/chronos-2,0.27955892799269644,0.36932227534415485,1.0,1024,128,7.2,4.65,0.16,0.0
H1024_philow_rholow_s01,chronos-2:autogluon/chronos-2,0.27659592865940863,0.3710354181334909,1.0,1024,128,7.0,4.65,0.16,0.0
H1024_philow_rholow_s02,chronos-2:autogluon/chronos-2,0.2773348627050779,0.3728828650042145,1.0,1024,128,8.0,4.69,0.18,0.0
H1024_philow_rholow_s03,chronos-2:autogluon/chronos-2,0.2768985013535286,0.36925559228793214,1.0,1024,128,7.8,4.62,0.28,0.0
H1024_philow_rholow_s04,chronos-2:autogluon/chronos-2,0.2772775275022855,0.36936902043032094,1.0,1024,128,7.7,4.63,0.16,0.0
H1024_philow_rholow_s05,chronos-2:autogluon/chronos-2,0.27844880617382683,0.37301409855359224,1.0,1024,128,7.2,4.66,0.16,0.0
H1024_philow_rholow_s06,chronos-2:autogluon/chronos-2,0.27652175164440873,0.3718990187907103,1.0,1024,128,7.7,5.15,0.18,0.0
H1024_philow_rholow_s07,chronos-2:autogluon/chronos-2,0.27747371753359173,0.36900841679320706,1.0,1024,128,7.0,4.63,0.23,0.0
H1024_philow_rholow_s08,chronos-2:autogluon/chronos-2,0.2758756007538168,0.36758678928989247,1.0,1024,128,6.9,4.64,0.15,0.0
H1024_philow_rholow_s09,chronos-2:autogluon/chronos-2,0.27574469337639795,0.3678572208550164,1.0,1024,128,6.8,4.68,0.18,0.0
H1024_philow_rholow_s10,chronos-2:autogluon/chronos-2,0.27553235676440807,0.36838105922394115,1.0,1024,128,7.7,4.65,0.18,0.0
H1024_philow_rholow_s11,chronos-2:autogluon/chronos-2,0.27726374633468376,0.3718481490408234,1.0,1024,128,7.8,4.7,0.27,0.0
H1024_philow_rholow_s12,chronos-2:autogluon/chronos-2,0.27571263114945493,0.3689673677719566,1.0,1024,128,6.8,4.66,0.16,0.0
H1024_philow_rholow_s13,chronos-2:autogluon/chronos-2,0.2783038698845125,0.3693935370894803,1.0,1024,128,7.0,4.7,0.17,0.0
H1024_philow_rholow_s14,chronos-2:autogluon/chronos-2,0.2765537176046575,0.36622794541245285,1.0,1024,128,7.0,4.68,0.2,0.0
H1024_philow_rholow_s15,chronos-2:autogluon/chronos-2,0.2786106937025715,0.3724577819571188,1.0,1024,128,7.9,5.18,0.39,0.0
H1024_philow_rhomid_s00,chronos-2:autogluon/chronos-2,0.27955892799269644,0.36932227534415485,1.0,1024,128,6.8,4.69,0.16,0.0
H1024_philow_rhomid_s01,chronos-2:autogluon/chronos-2,0.27659592865940863,0.3710354181334909,1.0,1024,128,7.2,4.69,0.16,0.0
H1024_philow_rhomid_s02,chronos-2:autogluon/chronos-2,0.2773348627050779,0.3728828650042145,1.0,1024,128,7.1,4.68,0.24,0.0
H1024_philow_rhomid_s03,chronos-2:autogluon/chronos-2,0.2768985013535286,0.36925559228793214,1.0,1024,128,7.2,4.65,0.39,0.0
H1024_philow_rhomid_s04,chronos-2:autogluon/chronos-2,0.2772775275022855,0.36936902043032094,1.0,1024,128,7.4,5.2,0.38,0.0
H1024_philow_rhomid_s05,chronos-2:autogluon/chronos-2,0.27844880617382683,0.37301409855359224,1.0,1024,128,6.6,4.64,0.17,0.0
H1024_philow_rhomid_s06,chronos-2:autogluon/chronos-2,0.27652175164440873,0.3718990187907103,1.0,1024,128,7.4,4.66,0.31,0.0
H1024_philow_rhomid_s07,chronos-2:autogluon/chronos-2,0.27747371753359173,0.36900841679320706,1.0,1024,128,6.9,4.68,0.4,0.0
H1024_philow_rhomid_s08,chronos-2:autogluon/chronos-2,0.2758756007538168,0.36758678928989247,1.0,1024,128,7.5,4.68,0.93,0.0
H1024_philow_rhomid_s09,chronos-2:autogluon/chronos-2,0.27574469337639795,0.3678572208550164,1.0,1024,128,6.8,4.65,0.17,0.0
H1024_philow_rhomid_s10,chronos-2:autogluon/chronos-2,0.27553235676440807,0.36838105922394115,1.0,1024,128,7.3,4.66,0.23,0.0
H1024_philow_rhomid_s11,chronos-2:autogluon/chronos-2,0.27726374633468376,0.3718481490408234,1.0,1024,128,7.0,4.68,0.39,0.0
H1024_philow_rhomid_s12,chronos-2:autogluon/chronos-2,0.27571263114945493,0.3689673677719566,1.0,1024,128,6.4,4.64,0.18,0.0
H1024_philow_rhomid_s13,chronos-2:autogluon/chronos-2,0.2783038698845125,0.3693935370894803,1.0,1024,128,8.4,5.24,0.16,0.0
H1024_philow_rhomid_s14,chronos-2:autogluon/chronos-2,0.2765537176046575,0.36622794541245285,1.0,1024,128,7.4,4.74,0.17,0.0
H1024_philow_rhomid_s15,chronos-2:autogluon/chronos-2,0.2786106937025715,0.3724577819571188,1.0,1024,128,7.5,4.63,0.17,0.0
H1024_phimid_rhohigh_s00,chronos-2:autogluon/chronos-2,0.2874117063303564,0.4045736415194804,0.9990234375,1024,128,7.0,4.65,0.18,0.0
H1024_phimid_rhohigh_s01,chronos-2:autogluon/chronos-2,0.28490366512690296,0.406650817680809,0.9951171875,1024,128,7.3,4.64,0.15,0.0
H1024_phimid_rhohigh_s02,chronos-2:autogluon/chronos-2,0.293590532598271,0.42079846986814884,0.9921875,1024,128,8.3,4.65,0.16,0.0
H1024_phimid_rhohigh_s03,chronos-2:autogluon/chronos-2,0.28783880810599793,0.409468066780331,0.9970703125,1024,128,6.7,4.64,0.17,0.0
H1024_phimid_rhohigh_s04,chronos-2:autogluon/chronos-2,0.2897490119937137,0.4113620697670504,0.9990234375,1024,128,7.1,4.63,0.28,0.0
H1024_phimid_rhohigh_s05,chronos-2:autogluon/chronos-2,0.28764919905046066,0.4114522508945186,0.9990234375,1024,128,6.9,4.72,0.18,0.0
H1024_phimid_rhohigh_s06,chronos-2:autogluon/chronos-2,0.28737320819264234,0.41174266719353336,0.9951171875,1024,128,8.4,5.35,0.28,0.0
H1024_phimid_rhohigh_s07,chronos-2:autogluon/chronos-2,0.2913766232780628,0.41142555834208405,0.99609375,1024,128,7.2,4.69,0.18,0.0
H1024_phimid_rhohigh_s08,chronos-2:autogluon/chronos-2,0.2806853274206374,0.3980015097070282,0.9970703125,1024,128,7.1,4.64,0.17,0.0
H1024_phimid_rhohigh_s09,chronos-2:autogluon/chronos-2,0.2838681820173097,0.402479131710025,0.998046875,1024,128,6.6,4.63,0.16,0.0
H1024_phimid_rhohigh_s10,chronos-2:autogluon/chronos-2,0.28169457895546535,0.4013096719709422,0.998046875,1024,128,7.2,4.64,0.17,0.0
H1024_phimid_rhohigh_s11,chronos-2:autogluon/chronos-2,0.28748839643388346,0.4109805259500725,0.9990234375,1024,128,8.2,4.78,0.17,0.0
H1024_phimid_rhohigh_s12,chronos-2:autogluon/chronos-2,0.2886463051240956,0.41126430125446367,0.9970703125,1024,128,7.7,4.61,0.17,0.0
H1024_phimid_rhohigh_s13,chronos-2:autogluon/chronos-2,0.2912089622823235,0.4106555686428673,0.9990234375,1024,128,7.5,4.86,0.15,0.0
H1024_phimid_rhohigh_s14,chronos-2:autogluon/chronos-2,0.28631818492248035,0.4035465742124056,0.9970703125,1024,128,7.2,4.71,0.17,0.0
H1024_phimid_rhohigh_s15,chronos-2:autogluon/chronos-2,0.29499355145533324,0.4213645998875624,0.9912109375,1024,128,7.5,5.24,0.21,0.0
H1024_phimid_rholow_s00,chronos-2:autogluon/chronos-2,0.2810716698316284,0.3964692114075449,0.9990234375,1024,128,6.9,4.63,0.17,0.0
H1024_phimid_rholow_s01,chronos-2:autogluon/chronos-2,0.2810042554540579,0.4034362141721146,1.0,1024,128,7.2,4.88,0.18,0.0
H1024_phimid_rholow_s02,chronos-2:autogluon/chronos-2,0.2800931533609815,0.4039554671734558,0.9990234375,1024,128,7.2,4.67,0.16,0.0
H1024_phimid_rholow_s03,chronos-2:autogluon/chronos-2,0.27605025925893706,0.3945649790441091,1.0,1024,128,7.1,4.64,0.16,0.0
H1024_phimid_rholow_s04,chronos-2:autogluon/chronos-2,0.28032838392989035,0.40008800402061206,1.0,1024,128,7.5,4.63,0.18,0.0
H1024_phimid_rholow_s05,chronos-2:autogluon/chronos-2,0.27802109983605006,0.400729948072777,0.9990234375,1024,128,6.7,4.62,0.18,0.0
H1024_phimid_rholow_s06,chronos-2:autogluon/chronos-2,0.28461705730739784,0.4103523006984386,0.9951171875,1024,128,7.2,4.63,0.16,0.0
H1024_phimid_rholow_s07,chronos-2:autogluon/chronos-2,0.27653923339231606,0.39337694054927197,0.9990234375,1024,128,7.0,4.68,0.15,0.0
H1024_phimid_rholow_s08,chronos-2:autogluon/chronos-2,0.2792462797126832,0.39692820419588903,0.9990234375,1024,128,8.1,5.23,0.17,0.0
H1024_phimid_rholow_s09,chronos-2:autogluon/chronos-2,0.27620294903768766,0.3939013121837165,0.998046875,1024,128,7.2,4.72,0.18,0.0
H1024_phimid_rholow_s10,chronos-2:autogluon/chronos-2,0.2794444347551256,0.40033401624300907,0.99609375,1024,128,7.7,4.68,0.15,0.0
H1024_phimid_rholow_s11,chronos-2:autogluon/chronos-2,0.27892282386891765,0.40066569214094183,0.9990234375,1024,128,7.8,4.62,0.15,0.0
H1024_phimid_rholow_s12,chronos-2:autogluon/chronos-2,0.278256587228936,0.3975984379392319,0.9990234375,1024,128,8.5,4.61,0.85,0.0
H1024_phimid_rholow_s13,chronos-2:autogluon/chronos-2,0.2785267852347118,0.3944251168197278,1.0,1024,128,7.8,4.7,0.18,0.0
H1024_phimid_rholow_s14,chronos-2:autogluon/chronos-2,0.2754421994406804,0.39059481044378586,0.9990234375,1024,128,7.5,4.51,0.15,0.0
H1024_phimid_rholow_s15,chronos-2:autogluon/chronos-2,0.27670223118226034,0.3960245401718397,0.9990234375,1024,128,7.8,4.64,0.15,0.0
H1024_phimid_rhomid_s00,chronos-2:autogluon/chronos-2,0.30251562277090616,0.42665251753645905,0.9931640625,1024,128,7.2,4.64,0.18,0.0
H1024_phimid_rhomid_s01,chronos-2:autogluon/chronos-2,0.3012223684954768,0.4329595043212331,0.99609375,1024,128,8.0,4.67,0.18,0.0
H1024_phimid_rhomid_s02,chronos-2:autogluon/chronos-2,0.2971221006798509,0.4281477566878047,0.9951171875,1024,128,6.9,4.64,0.15,0.0
H1024_phimid_rhomid_s03,chronos-2:autogluon/chronos-2,0.2956323004244673,0.4217886515960755,0.99609375,1024,128,6.7,4.61,0.16,0.0
H1024_phimid_rhomid_s04,chronos-2:autogluon/chronos-2,0.29841355691258764,0.4249221796045753,0.99609375,1024,128,6.5,4.65,0.18,0.0
H1024_phimid_rhomid_s05,chronos-2:autogluon/chronos-2,0.30156689077616194,0.4328102210079285,0.998046875,1024,128,6.7,4.63,0.17,0.0
H1024_phimid_rhomid_s06,chronos-2:autogluon/chronos-2,0.3018676408248516,0.4346161944870073,0.994140625,1024,128,7.9,4.7,0.16,0.0
H1024_phimid_rhomid_s07,chronos-2:autogluon/chronos-2,0.3002018421339172,0.4256163576506501,0.9970703125,1024,128,6.9,4.67,0.16,0.0
H1024_phimid_rhomid_s08,chronos-2:autogluon/chronos-2,0.3006244106474963,0.42694553813520897,0.994140625,1024,128,6.5,4.45,0.17,0.0
H1024_phimid_rhomid_s09,chronos-2:autogluon/chronos-2,0.2938070857675003,0.41986408810652665,1.0,1024,128,7.2,4.64,0.18,0.0
H1024_phimid_rhomid_s10,chronos-2:autogluon/chronos-2,0.30376928666556535,0.4348231684910403,0.9951171875,1024,128,8.2,5.3,0.18,0.0
H1024_phimid_rhomid_s11,chronos-2:autogluon/chronos-2,0.30739071099074744,0.44021894640714554,0.9921875,1024,128,7.0,4.59,0.15,0.0
H1024_phimid_rhomid_s12,chronos-2:autogluon/chronos-2,0.3006822151308821,0.4304857964159061,0.9970703125,1024,128,6.9,4.62,0.16,0.0
H1024_phimid_rhomid_s13,chronos-2:autogluon/chronos-2,0.294985486582166,0.4180064663423917,1.0,1024,128,7.3,4.69,0.19,0.0
H1024_phimid_rhomid_s14,chronos-2:autogluon/chronos-2,0.29903352786235443,0.42214756178591756,0.994140625,1024,128,6.9,4.65,0.17,0.0
H1024_phimid_rhomid_s15,chronos-2:autogluon/chronos-2,0.2949138022624963,0.4205302713074691,0.99609375,1024,128,8.7,4.71,0.16,0.0
H128_phihigh_rhohigh_s00,chronos-2:autogluon/chronos-2,0.141854878258994,0.18715409420651236,1.0,1024,128,5.5,3.29,0.03,0.0
H128_phihigh_rhohigh_s01,chronos-2:autogluon/chronos-2,0.14087349628176118,0.18635972778193166,1.0,1024,128,5.0,3.12,0.02,0.0
H128_phihigh_rhohigh_s02,chronos-2:autogluon/chronos-2,0.1382382425546965,0.18176456643979372,1.0,1024,128,4.6,3.16,0.02,0.0
H128_phihigh_rhohigh_s03,chronos-2:autogluon/chronos-2,0.13997803830672395,0.1889253843825781,1.0,1024,128,4.7,3.36,0.02,0.0
H128_phihigh_rhohigh_s04,chronos-2:autogluon/chronos-2,0.13901050969581094,0.18303128874760205,1.0,1024,128,4.7,3.21,0.02,0.0
H128_phihigh_rhohigh_s05,chronos-2:autogluon/chronos-2,0.1425515354517951,0.18578977802991373,1.0,1024,128,5.3,3.9,0.02,0.0
H128_phihigh_rhohigh_s06,chronos-2:autogluon/chronos-2,0.1426279188389017,0.1851075662591264,1.0,1024,128,4.8,3.19,0.02,0.0
H128_phihigh_rhohigh_s07,chronos-2:autogluon/chronos-2,0.14185325222556439,0.1868897820678242,1.0,1024,128,4.8,3.33,0.02,0.0
H128_phihigh_rhohigh_s08,chronos-2:autogluon/chronos-2,0.1371695997762996,0.18102509361089503,1.0,1024,128,5.4,3.22,0.02,0.0
H128_phihigh_rhohigh_s09,chronos-2:autogluon/chronos-2,0.1440739624834118,0.19013822575569866,1.0,1024,128,5.4,3.28,0.02,0.0
H128_phihigh_rhohigh_s10,chronos-2:autogluon/chronos-2,0.14229124705442583,0.18701476048874605,1.0,1024,128,5.4,3.26,0.02,0.0
H128_phihigh_rhohigh_s11,chronos-2:autogluon/chronos-2,0.14181494925974403,0.18935778036281778,1.0,1024,128,6.0,4.0,0.02,0.0
H128_phihigh_rhohigh_s12,chronos-2:autogluon/chronos-2,0.141133803805355,0.18460470522034986,1.0,1024,128,4.9,3.24,0.02,0.0
H128_phihigh_rhohigh_s13,chronos-2:autogluon/chronos-2,0.14199753145981903,0.19040224376675124,1.0,1024,128,4.8,3.21,0.02,0.0
H128_phihigh_rhohigh_s14,chronos-2:autogluon/chronos-2,0.1388390485029738,0.18542126203910264,1.0,1024,128,4.8,3.21,0.02,0.0
H128_phihigh_rhohigh_s15,chronos-2:autogluon/chronos-2,0.14050131884441927,0.184396558552607,1.0,1024,128,4.9,3.21,0.02,0.0
H128_phihigh_rholow_s00,chronos-2:autogluon/chronos-2,0.1332961847375902,0.1765436255308623,1.0,1024,128,4.9,3.3,0.02,0.0
H128_phihigh_rholow_s01,chronos-2:autogluon/chronos-2,0.1344560078973579,0.17709514045460092,1.0,1024,128,4.6,3.21,0.02,0.0
H128_phihigh_rholow_s02,chronos-2:autogluon/chronos-2,0.13139614698304658,0.17357467383174208,1.0,1024,128,5.1,3.85,0.02,0.0
H128_phihigh_rholow_s03,chronos-2:autogluon/chronos-2,0.13023411562581644,0.1770233680142376,1.0,1024,128,5.4,3.21,0.02,0.0
H128_phihigh_rholow_s04,chronos-2:autogluon/chronos-2,0.1331527285436737,0.17573221405310308,1.0,1024,128,4.8,3.21,0.02,0.0
H128_phihigh_rholow_s05,chronos-2:autogluon/chronos-2,0.133560958904277,0.1729670664827155,1.0,1024,128,4.5,3.21,0.02,0.0
H128_phihigh_rholow_s06,chronos-2:autogluon/chronos-2,0.13296743154405913,0.17193198394881748,1.0,1024,128,4.7,3.2,0.02,0.0
H128_phihigh_rholow_s07,chronos-2:autogluon/chronos-2,0.13175055909290045,0.17710346811777258,1.0,1024,128,4.7,3.21,0.02,0.0
H128_phihigh_rholow_s08,chronos-2:autogluon/chronos-2,0.13102958123849384,0.17473096357923934,1.0,1024,128,4.6,3.2,0.02,0.0
H128_phihigh_rholow_s09,chronos-2:autogluon/chronos-2,0.13069948742794182,0.17337297369778126,1.0,1024,128,5.5,3.22,0.02,0.0
H128_phihigh_rholow_s10,chronos-2:autogluon/chronos-2,0.1308782340137188,0.1725718027553983,1.0,1024,128,4.9,3.3,0.02,0.0
H128_phihigh_rholow_s11,chronos-2:autogluon/chronos-2,0.13112145030032846,0.17589691679084474,1.0,1024,128,4.7,3.23,0.02,0.0
H128_phihigh_rholow_s12,chronos-2:autogluon/chronos-2,0.1331654509902976,0.17698785063748457,1.0,1024,128,4.7,3.2,0.02,0.0
H128_phihigh_rholow_s13,chronos-2:autogluon/chronos-2,0.1308561750106268,0.1764787284226871,1.0,1024,128,4.7,3.2,0.02,0.0
H128_phihigh_rholow_s14,chronos-2:autogluon/chronos-2,0.13281404090531557,0.1774948446803679,1.0,1024,128,4.9,3.25,0.02,0.0
H128_phihigh_rholow_s15,chronos-2:autogluon/chronos-2,0.13175891869711273,0.17406909820944363,1.0,1024,128,4.7,3.2,0.02,0.0
H128_phihigh_rhomid_s00,chronos-2:autogluon/chronos-2,0.1383404154638747,0.18212639534040814,1.0,1024,128,5.5,3.3,0.02,0.0
H128_phihigh_rhomid_s01,chronos-2:autogluon/chronos-2,0.13729184075217116,0.18141995357609267,1.0,1024,128,5.0,3.27,0.02,0.0
H128_phihigh_rhomid_s02,chronos-2:autogluon/chronos-2,0.1369277455391651,0.1812462742900156,1.0,1024,128,5.1,3.2,0.02,0.0
H128_phihigh_rhomid_s03,chronos-2:autogluon/chronos-2,0.13587969393101795,0.18437583515826464,1.0,1024,128,4.8,3.2,0.02,0.0
H128_phihigh_rhomid_s04,chronos-2:autogluon/chronos-2,0.13433084824804786,0.1777589201305858,1.0,1024,128,5.1,3.21,0.02,0.0
H128_phihigh_rhomid_s05,chronos-2:autogluon/chronos-2,0.13877929409459988,0.17861655530405082,1.0,1024,128,4.8,3.25,0.02,0.0
H128_phihigh_rhomid_s06,chronos-2:autogluon/chronos-2,0.1379467437088312,0.17835063068674345,1.0,1024,128,5.4,3.84,0.02,0.0
H128_phihigh_rhomid_s07,chronos-2:autogluon/chronos-2,0.13719257270230933,0.18491144670921733,1.0,1024,128,4.8,3.37,0.02,0.0
H128_phihigh_rhomid_s08,chronos-2:autogluon/chronos-2,0.1363131529998674,0.181956830052125,1.0,1024,128,4.5,3.46,0.02,0.0
H128_phihigh_rhomid_s09,chronos-2:autogluon/chronos-2,0.13650602996271113,0.1803890731601912,1.0,1024,128,4.3,3.22,0.02,0.0
H128_phihigh_rhomid_s10,chronos-2:autogluon/chronos-2,0.13830895564722662,0.1828540320786884,1.0,1024,128,4.7,3.23,0.02,0.0
H128_phihigh_rhomid_s11,chronos-2:autogluon/chronos-2,0.13831693173554557,0.18406355583449496,1.0,1024,128,5.0,3.49,0.02,0.0
H128_phihigh_rhomid_s12,chronos-2:autogluon/chronos-2,0.13770601608045607,0.18131754283146806,1.0,1024,128,4.5,3.39,0.02,0.0
H128_phihigh_rhomid_s13,chronos-2:autogluon/chronos-2,0.1377743953120823,0.18472553702197517,1.0,1024,128,5.6,3.91,0.02,0.0
H128_phihigh_rhomid_s14,chronos-2:autogluon/chronos-2,0.13663376645320863,0.1817674775771548,1.0,1024,128,4.6,3.28,0.02,0.0
H128_phihigh_rhomid_s15,chronos-2:autogluon/chronos-2,0.13504488306747908,0.17869384533044017,1.0,1024,128,4.9,3.26,0.02,0.0
H128_philow_rhohigh_s00,chronos-2:autogluon/chronos-2,0.28361613395517643,0.369477071070206,1.0,1024,128,5.0,3.25,0.02,0.0
H128_philow_rhohigh_s01,chronos-2:autogluon/chronos-2,0.2806385883074858,0.3667660291578759,1.0,1024,128,4.7,3.25,0.02,0.0
H128_philow_rhohigh_s02,chronos-2:autogluon/chronos-2,0.27699150350824364,0.363714607817508,1.0,1024,128,4.9,3.31,0.02,0.0
H128_philow_rhohigh_s03,chronos-2:autogluon/chronos-2,0.276060053635401,0.3688807231024165,1.0,1024,128,4.8,3.3,0.02,0.0
H128_philow_rhohigh_s04,chronos-2:autogluon/chronos-2,0.27814399773382414,0.3665365089940426,1.0,1024,128,5.5,3.9,0.02,0.0
H128_philow_rhohigh_s05,chronos-2:autogluon/chronos-2,0.2792141298918773,0.36344837259975643,1.0,1024,128,4.5,3.25,0.02,0.0
H128_philow_rhohigh_s06,chronos-2:autogluon/chronos-2,0.2795682507480101,0.3603804264219905,1.0,1024,128,4.6,3.2,0.02,0.0
H128_philow_rhohigh_s07,chronos-2:autogluon/chronos-2,0.2766984468954539,0.36684262916541877,1.0,1024,128,4.6,3.26,0.02,0.0
H128_philow_rhohigh_s08,chronos-2:autogluon/chronos-2,0.2792089599580314,0.3695652354263939,1.0,1024,128,4.6,3.2,0.02,0.0
H128_philow_rhohigh_s09,chronos-2:autogluon/chronos-2,0.27820425192815934,0.3642019950063544,1.0,1024,128,4.8,3.19,0.02,0.0
H128_philow_rhohigh_s10,chronos-2:autogluon/chronos-2,0.2802001367769398,0.36361242503516467,1.0,1024,128,5.4,3.32,0.02,0.0
H128_philow_rhohigh_s11,chronos-2:autogluon/chronos-2,0.2788471349370011,0.36798476358647625,1.0,1024,128,5.9,3.23,0.02,0.0
H128_philow_rhohigh_s12,chronos-2:autogluon/chronos-2,0.27973359172249207,0.36356715324883515,1.0,1024,128,4.9,3.25,0.02,0.0
H128_philow_rhohigh_s13,chronos-2:autogluon/chronos-2,0.2772116199194491,0.3668082777498818,1.0,1024,128,5.0,3.22,0.02,0.0
H128_philow_rhohigh_s14,chronos-2:autogluon/chronos-2,0.2819820754891682,0.369645437289385,1.0,1024,128,5.3,3.34,0.02,0.0
H128_philow_rhohigh_s15,chronos-2:autogluon/chronos-2,0.27782420548622133,0.3636707621929448,1.0,1024,128,5.2,3.22,0.02,0.0
H128_philow_rholow_s00,chronos-2:autogluon/chronos-2,0.28361613395517643,0.369477071070206,1.0,1024,128,5.0,3.24,0.02,0.0
H128_philow_rholow_s01,chronos-2:autogluon/chronos-2,0.2806385883074858,0.3667660291578759,1.0,1024,128,5.6,3.87,0.02,0.0
H128_philow_rholow_s02,chronos-2:autogluon/chronos-2,0.27699150350824364,0.363714607817508,1.0,1024,128,4.7,3.23,0.02,0.0
H128_philow_rholow_s03,chronos-2:autogluon/chronos-2,0.276060053635401,0.3688807231024165,1.0,1024,128,4.4,3.27,0.02,0.0
H128_philow_rholow_s04,chronos-2:autogluon/chronos-2,0.27814399773382414,0.3665365089940426,1.0,1024,128,4.7,3.28,0.02,0.0
H128_philow_rholow_s05,chronos-2:autogluon/chronos-2,0.2792141298918773,0.36344837259975643,1.0,1024,128,4.9,3.28,0.02,0.0
H128_philow_rholow_s06,chronos-2:autogluon/chronos-2,0.2795682507480101,0.3603804264219905,1.0,1024,128,4.9,3.29,0.02,0.0
H128_philow_rholow_s07,chronos-2:autogluon/chronos-2,0.2766984468954539,0.36684262916541877,1.0,1024,128,5.1,3.23,0.02,0.0
H128_philow_rholow_s08,chronos-2:autogluon/chronos-2,0.2792089599580314,0.3695652354263939,1.0,1024,128,5.7,3.95,0.02,0.0
H128_philow_rholow_s09,chronos-2:autogluon/chronos-2,0.27820425192815934,0.3642019950063544,1.0,1024,128,4.9,3.29,0.02,0.0
H128_philow_rholow_s10,chronos-2:autogluon/chronos-2,0.2802001367769398,0.36361242503516467,1.0,1024,128,5.2,3.23,0.02,0.0
H128_philow_rholow_s11,chronos-2:autogluon/chronos-2,0.2788471349370011,0.36798476358647625,1.0,1024,128,4.7,3.27,0.02,0.0
H128_philow_rholow_s12,chronos-2:autogluon/chronos-2,0.27973359172249207,0.36356715324883515,1.0,1024,128,4.7,3.22,0.02,0.0
H128_philow_rholow_s13,chronos-2:autogluon/chronos-2,0.2772116199194491,0.3668082777498818,1.0,1024,128,4.7,3.2,0.02,0.0
H128_philow_rholow_s14,chronos-2:autogluon/chronos-2,0.2819820754891682,0.369645437289385,1.0,1024,128,4.8,3.2,0.02,0.0
H128_philow_rholow_s15,chronos-2:autogluon/chronos-2,0.27782420548622133,0.3636707621929448,1.0,1024,128,5.5,3.3,0.02,0.0
H128_philow_rhomid_s00,chronos-2:autogluon/chronos-2,0.28361613395517643,0.369477071070206,1.0,1024,128,4.8,3.2,0.02,0.0
H128_philow_rhomid_s01,chronos-2:autogluon/chronos-2,0.2806385883074858,0.3667660291578759,1.0,1024,128,4.5,3.2,0.02,0.0
H128_philow_rhomid_s02,chronos-2:autogluon/chronos-2,0.27699150350824364,0.363714607817508,1.0,1024,128,4.6,3.27,0.02,0.0
H128_philow_rhomid_s03,chronos-2:autogluon/chronos-2,0.276060053635401,0.3688807231024165,1.0,1024,128,5.1,3.2,0.02,0.0
H128_philow_rhomid_s04,chronos-2:autogluon/chronos-2,0.27814399773382414,0.3665365089940426,1.0,1024,128,5.1,3.29,0.02,0.0
H128_philow_rhomid_s05,chronos-2:autogluon/chronos-2,0.2792141298918773,0.36344837259975643,1.0,1024,128,5.8,3.83,0.02,0.0
H128_philow_rhomid_s06,chronos-2:autogluon/chronos-2,0.2795682507480101,0.3603804264219905,1.0,1024,128,5.3,3.19,0.02,0.0
H128_philow_rhomid_s07,chronos-2:autogluon/chronos-2,0.2766984468954539,0.36684262916541877,1.0,1024,128,5.0,3.19,0.02,0.0
H128_philow_rhomid_s08,chronos-2:autogluon/chronos-2,0.2792089599580314,0.3695652354263939,1.0,1024,128,4.8,3.19,0.02,0.0
H128_philow_rhomid_s09,chronos-2:autogluon/chronos-2,0.27820425192815934,0.3642019950063544,1.0,1024,128,4.8,3.2,0.02,0.0
H128_philow_rhomid_s10,chronos-2:autogluon/chronos-2,0.2802001367769398,0.36361242503516467,1.0,1024,128,4.8,3.2,0.02,0.0
H128_philow_rhomid_s11,chronos-2:autogluon/chronos-2,0.2788471349370011,0.36798476358647625,1.0,1024,128,4.9,3.2,0.02,0.0
H128_philow_rhomid_s12,chronos-2:autogluon/chronos-2,0.27973359172249207,0.36356715324883515,1.0,1024,128,4.4,3.84,0.02,0.0
H128_philow_rhomid_s13,chronos-2:autogluon/chronos-2,0.2772116199194491,0.3668082777498818,1.0,1024,128,3.9,3.21,0.02,0.0
H128_philow_rhomid_s14,chronos-2:autogluon/chronos-2,0.2819820754891682,0.369645437289385,1.0,1024,128,3.8,3.23,0.02,0.0
H128_philow_rhomid_s15,chronos-2:autogluon/chronos-2,0.27782420548622133,0.3636707621929448,1.0,1024,128,4.8,3.2,0.02,0.0
H128_phimid_rhohigh_s00,chronos-2:autogluon/chronos-2,0.2287697527932483,0.3010601442752987,1.0,1024,128,4.9,3.2,0.02,0.0
H128_phimid_rhohigh_s01,chronos-2:autogluon/chronos-2,0.22763253884959112,0.299068648716529,1.0,1024,128,4.8,3.2,0.02,0.0
H128_phimid_rhohigh_s02,chronos-2:autogluon/chronos-2,0.22370034503418723,0.29452646770357194,1.0,1024,128,4.8,3.2,0.02,0.0
H128_phimid_rhohigh_s03,chronos-2:autogluon/chronos-2,0.22328454009329568,0.30178540254078057,1.0,1024,128,5.5,3.81,0.02,0.0
H128_phimid_rhohigh_s04,chronos-2:autogluon/chronos-2,0.22480753787346888,0.29824898362383656,1.0,1024,128,3.7,3.21,0.02,0.0
H128_phimid_rhohigh_s05,chronos-2:autogluon/chronos-2,0.22794159102702571,0.29582873217583044,1.0,1024,128,4.7,3.19,0.02,0.0
H128_phimid_rhohigh_s06,chronos-2:autogluon/chronos-2,0.22719753453025623,0.2937335340971241,1.0,1024,128,4.8,3.18,0.02,0.0
H128_phimid_rhohigh_s07,chronos-2:autogluon/chronos-2,0.2227306343362056,0.29874158480933044,1.0,1024,128,4.9,3.2,0.02,0.0
H128_phimid_rhohigh_s08,chronos-2:autogluon/chronos-2,0.22347367085769998,0.2993501998554965,1.0,1024,128,4.8,3.21,0.02,0.0
H128_phimid_rhohigh_s09,chronos-2:autogluon/chronos-2,0.22628322798204475,0.29576438899212154,1.0,1024,128,4.9,3.21,0.02,0.0
H128_phimid_rhohigh_s10,chronos-2:autogluon/chronos-2,0.2305747264233302,0.29930185925720765,1.0,1024,128,5.6,3.87,0.02,0.0
H128_phimid_rhohigh_s11,chronos-2:autogluon/chronos-2,0.22736599311530734,0.3022688892859348,1.0,1024,128,4.9,3.2,0.02,0.0
H128_phimid_rhohigh_s12,chronos-2:autogluon/chronos-2,0.22715258522605541,0.2982615765549055,1.0,1024,128,3.7,3.19,0.02,0.0
H128_phimid_rhohigh_s13,chronos-2:autogluon/chronos-2,0.2257958768696402,0.3028269882688589,1.0,1024,128,4.7,3.23,0.02,0.0
H128_phimid_rhohigh_s14,chronos-2:autogluon/chronos-2,0.22894089518118105,0.3023121368313782,1.0,1024,128,4.7,3.21,0.02,0.0
H128_phimid_rhohigh_s15,chronos-2:autogluon/chronos-2,0.2250962020356681,0.29554953744181434,1.0,1024,128,3.9,3.2,0.02,0.0
H128_phimid_rholow_s00,chronos-2:autogluon/chronos-2,0.2212738656256033,0.29125559024388836,1.0,1024,128,5.1,3.27,0.02,0.0
H128_phimid_rholow_s01,chronos-2:autogluon/chronos-2,0.22033984841273213,0.2895616046309142,1.0,1024,128,5.5,3.92,0.02,0.0
H128_phimid_rholow_s02,chronos-2:autogluon/chronos-2,0.21603998932746526,0.2847574483901135,1.0,1024,128,4.8,3.2,0.02,0.0
H128_phimid_rholow_s03,chronos-2:autogluon/chronos-2,0.21416837387146917,0.2891355347652553,1.0,1024,128,4.7,3.13,0.02,0.0
H128_phimid_rholow_s04,chronos-2:autogluon/chronos-2,0.21766131218493784,0.28722845388370394,1.0,1024,128,4.9,3.24,0.02,0.0
H128_phimid_rholow_s05,chronos-2:autogluon/chronos-2,0.22037048010281415,0.28569865501007696,1.0,1024,128,5.0,3.19,0.02,0.0
H128_phimid_rholow_s06,chronos-2:autogluon/chronos-2,0.21817044923307838,0.2822252847890649,1.0,1024,128,4.8,3.2,0.02,0.0
H128_phimid_rholow_s07,chronos-2:autogluon/chronos-2,0.2161666781577984,0.289361810662362,1.0,1024,128,5.1,3.19,0.02,0.0
H128_phimid_rholow_s08,chronos-2:autogluon/chronos-2,0.2177885859017174,0.28917127283767025,1.0,1024,128,5.5,3.95,0.02,0.0
H128_phimid_rholow_s09,chronos-2:autogluon/chronos-2,0.21624954652884149,0.28585920943351184,1.0,1024,128,4.8,3.18,0.02,0.0
H128_phimid_rholow_s10,chronos-2:autogluon/chronos-2,0.21716055860559258,0.2848183523243854,1.0,1024,128,4.0,3.15,0.02,0.0
H128_phimid_rholow_s11,chronos-2:autogluon/chronos-2,0.21762561270302153,0.2900466170003554,1.0,1024,128,4.5,3.19,0.02,0.0
H128_phimid_rholow_s12,chronos-2:autogluon/chronos-2,0.2176474677602812,0.2867377254026017,1.0,1024,128,4.1,3.18,0.02,0.0
H128_phimid_rholow_s13,chronos-2:autogluon/chronos-2,0.215108566632758,0.2877958106006288,1.0,1024,128,4.8,3.19,0.02,0.0
H128_phimid_rholow_s14,chronos-2:autogluon/chronos-2,0.21926659995359804,0.29132958190439695,1.0,1024,128,4.8,3.2,0.02,0.0
H128_phimid_rholow_s15,chronos-2:autogluon/chronos-2,0.21654322921868047,0.28516228706382757,1.0,1024,128,5.6,3.94,0.02,0.0
H128_phimid_rhomid_s00,chronos-2:autogluon/chronos-2,0.22483613821674703,0.29274794989010866,1.0,1024,128,4.8,3.2,0.02,0.0
H128_phimid_rhomid_s01,chronos-2:autogluon/chronos-2,0.2221943686267055,0.29217673641551667,1.0,1024,128,4.5,3.1,0.02,0.0
H128_phimid_rhomid_s02,chronos-2:autogluon/chronos-2,0.21888153444375844,0.28816498793566625,1.0,1024,128,4.7,3.2,0.02,0.0
H128_phimid_rhomid_s03,chronos-2:autogluon/chronos-2,0.21630670854732223,0.2915564992802037,1.0,1024,128,4.8,3.2,0.02,0.0
H128_phimid_rhomid_s04,chronos-2:autogluon/chronos-2,0.2189530452148877,0.28883978110402897,1.0,1024,128,4.7,3.2,0.03,0.0
H128_phimid_rhomid_s05,chronos-2:autogluon/chronos-2,0.2215593850269385,0.28805805945552454,1.0,1024,128,3.8,3.2,0.02,0.0
H128_phimid_rhomid_s06,chronos-2:autogluon/chronos-2,0.22090416288783615,0.28509924197527653,1.0,1024,128,5.6,3.99,0.02,0.0
H128_phimid_rhomid_s07,chronos-2:autogluon/chronos-2,0.21809090755142635,0.2922749291003206,1.0,1024,128,4.7,3.22,0.02,0.0
H128_phimid_rhomid_s08,chronos-2:autogluon/chronos-2,0.22120051956755254,0.29374934561711064,1.0,1024,128,4.8,3.19,0.02,0.0
H128_phimid_rhomid_s09,chronos-2:autogluon/chronos-2,0.21981179210581928,0.290401021153185,1.0,1024,128,4.8,3.2,0.02,0.0
H128_phimid_rhomid_s10,chronos-2:autogluon/chronos-2,0.22146753553005322,0.2892726803125663,1.0,1024,128,4.6,3.14,0.02,0.0
H128_phimid_rhomid_s11,chronos-2:autogluon/chronos-2,0.2192138225960308,0.29177486901156824,1.0,1024,128,4.9,3.19,0.02,0.0
H128_phimid_rhomid_s12,chronos-2:autogluon/chronos-2,0.21949753357365825,0.28981907897114756,1.0,1024,128,3.7,3.19,0.02,0.0
H128_phimid_rhomid_s13,chronos-2:autogluon/chronos-2,0.21901606007527585,0.29212740321046426,1.0,1024,128,5.6,3.93,0.02,0.0
H128_phimid_rhomid_s14,chronos-2:autogluon/chronos-2,0.22197480428904043,0.29226899511089166,1.0,1024,128,4.8,3.21,0.02,0.0
H128_phimid_rhomid_s15,chronos-2:autogluon/chronos-2,0.21944683157562944,0.28795782953349686,1.0,1024,128,4.8,3.2,0.02,0.0
H16_phihigh_rhohigh_s00,chronos-2:autogluon/chronos-2,0.139197182499352,0.15613820893062635,1.0,1024,128,4.5,3.03,0.01,0.0
H16_phihigh_rhohigh_s01,chronos-2:autogluon/chronos-2,0.14257732237986512,0.15944989354960618,1.0,1024,128,4.6,3.03,0.01,0.0
H16_phihigh_rhohigh_s02,chronos-2:autogluon/chronos-2,0.14168168358168307,0.1577721276457321,1.0,1024,128,3.7,3.03,0.01,0.0
H16_phihigh_rhohigh_s03,chronos-2:autogluon/chronos-2,0.1448479256934755,0.15620266680726652,1.0,1024,128,4.8,3.03,0.01,0.0
H16_phihigh_rhohigh_s04,chronos-2:autogluon/chronos-2,0.14600256288667476,0.1590302800772515,1.0,1024,128,5.7,3.64,0.01,0.0
H16_phihigh_rhohigh_s05,chronos-2:autogluon/chronos-2,0.14018222209065584,0.1599639340093316,1.0,1024,128,4.6,3.03,0.01,0.0
H16_phihigh_rhohigh_s06,chronos-2:autogluon/chronos-2,0.14251675620733686,0.1569246310240003,1.0,1024,128,4.6,3.06,0.01,0.0
H16_phihigh_rhohigh_s07,chronos-2:autogluon/chronos-2,0.14734130931101458,0.16314541351529024,1.0,1024,128,4.3,3.12,0.01,0.0
H16_phihigh_rhohigh_s08,chronos-2:autogluon/chronos-2,0.14742866829268175,0.1584137247011017,1.0,1024,128,4.7,3.12,0.01,0.0
H16_phihigh_rhohigh_s09,chronos-2:autogluon/chronos-2,0.1440108174853123,0.16266719206322852,1.0,1024,128,4.7,3.09,0.01,0.0
H16_phihigh_rhohigh_s10,chronos-2:autogluon/chronos-2,0.13985014717340108,0.15660569241453687,1.0,1024,128,4.6,3.09,0.01,0.0
H16_phihigh_rhohigh_s11,chronos-2:autogluon/chronos-2,0.14779241734882653,0.1572057629330913,1.0,1024,128,5.1,3.77,0.01,0.0
H16_phihigh_rhohigh_s12,chronos-2:autogluon/chronos-2,0.139788615105978,0.15641574018908,1.0,1024,128,5.1,3.09,0.01,0.0
H16_phihigh_rhohigh_s13,chronos-2:autogluon/chronos-2,0.14392917338926248,0.1574147195083361,1.0,1024,128,5.1,3.08,0.01,0.0
H16_phihigh_rhohigh_s14,chronos-2:autogluon/chronos-2,0.13923852620539923,0.15866681956410472,1.0,1024,128,4.8,3.08,0.01,0.0
H16_phihigh_rhohigh_s15,chronos-2:autogluon/chronos-2,0.14761804948969084,0.1587406297568389,1.0,1024,128,4.6,3.09,0.01,0.0
H16_phihigh_rholow_s00,chronos-2:autogluon/chronos-2,0.1332376029452668,0.1469471529774442,1.0,1024,128,5.0,3.08,0.01,0.0
H16_phihigh_rholow_s01,chronos-2:autogluon/chronos-2,0.1330152051813555,0.1480546680685153,1.0,1024,128,4.4,3.08,0.01,0.0
H16_phihigh_rholow_s02,chronos-2:autogluon/chronos-2,0.13360132229523813,0.1465611792755323,1.0,1024,128,5.3,3.75,0.01,0.0
H16_phihigh_rholow_s03,chronos-2:autogluon/chronos-2,0.13572363443948404,0.1472045663863274,1.0,1024,128,4.6,3.08,0.01,0.0
H16_phihigh_rholow_s04,chronos-2:autogluon/chronos-2,0.13497023322412566,0.14653193595446468,1.0,1024,128,3.7,3.08,0.01,0.0
H16_phihigh_rholow_s05,chronos-2:autogluon/chronos-2,0.12971772193677236,0.14849024613887823,1.0,1024,128,4.6,3.09,0.01,0.0
H16_phihigh_rholow_s06,chronos-2:autogluon/chronos-2,0.13656677100428544,0.1483171281100386,1.0,1024,128,4.6,3.08,0.01,0.0
H16_phihigh_rholow_s07,chronos-2:autogluon/chronos-2,0.13466377654528525,0.15021355372931885,1.0,1024,128,4.4,3.09,0.01,0.0
H16_phihigh_rholow_s08,chronos-2:autogluon/chronos-2,0.13463990064176115,0.14765112071062958,1.0,1024,128,4.5,3.08,0.01,0.0
H16_phihigh_rholow_s09,chronos-2:autogluon/chronos-2,0.13052942527615802,0.14757660923369031,1.0,1024,128,5.0,3.75,0.01,0.0
H16_phihigh_rholow_s10,chronos-2:autogluon/chronos-2,0.13385577932563467,0.14695044118101502,1.0,1024,128,4.1,3.08,0.01,0.0
H16_phihigh_rholow_s11,chronos-2:autogluon/chronos-2,0.13570650383106553,0.1473349397269233,1.0,1024,128,4.6,3.08,0.01,0.0
H16_phihigh_rholow_s12,chronos-2:autogluon/chronos-2,0.12960302715688765,0.14493788743820046,1.0,1024,128,3.7,3.09,0.01,0.0
H16_phihigh_rholow_s13,chronos-2:autogluon/chronos-2,0.13401121462184398,0.14803690769263123,1.0,1024,128,4.5,3.08,0.01,0.0
H16_phihigh_rholow_s14,chronos-2:autogluon/chronos-2,0.13210331644320084,0.14858434744171597,1.0,1024,128,4.6,3.08,0.01,0.0
H16_phihigh_rholow_s15,chronos-2:autogluon/chronos-2,0.13500507977645793,0.14783316656327772,1.0,1024,128,5.0,3.08,0.01,0.0
H16_phihigh_rhomid_s00,chronos-2:autogluon/chronos-2,0.14998400512406201,0.16415807016494782,1.0,1024,128,4.9,3.08,0.01,0.0
H16_phihigh_rhomid_s01,chronos-2:autogluon/chronos-2,0.15308330668071338,0.16752072423710912,1.0,1024,128,5.4,3.08,0.01,0.0
H16_phihigh_rhomid_s02,chronos-2:autogluon/chronos-2,0.15039949630916805,0.16545962669623185,1.0,1024,128,4.6,3.08,0.01,0.0
H16_phihigh_rhomid_s03,chronos-2:autogluon/chronos-2,0.15111956509782926,0.1624276669509807,1.0,1024,128,4.6,3.08,0.01,0.0
H16_phihigh_rhomid_s04,chronos-2:autogluon/chronos-2,0.14949987617602478,0.16402020922949637,1.0,1024,128,3.6,3.09,0.01,0.0
H16_phihigh_rhomid_s05,chronos-2:autogluon/chronos-2,0.14866915525440758,0.16728467621387094,1.0,1024,128,4.6,3.08,0.01,0.0
H16_phihigh_rhomid_s06,chronos-2:autogluon/chronos-2,0.15023754613176307,0.16335086753525094,1.0,1024,128,4.5,3.08,0.01,0.0
H16_phihigh_rhomid_s07,chronos-2:autogluon/chronos-2,0.15007520338892893,0.16583175146114884,1.0,1024,128,4.5,3.09,0.01,0.0
H16_phihigh_rhomid_s08,chronos-2:autogluon/chronos-2,0.14933469669368013,0.16583240009369066,1.0,1024,128,5.3,3.75,0.01,0.0
H16_phihigh_rhomid_s09,chronos-2:autogluon/chronos-2,0.14660916025479753,0.16401581725023923,1.0,1024,128,4.6,3.09,0.01,0.0
H16_phihigh_rhomid_s10,chronos-2:autogluon/chronos-2,0.1485906414834347,0.16433438109796233,1.0,1024,128,4.1,3.09,0.01,0.0
H16_phihigh_rhomid_s11,chronos-2:autogluon/chronos-2,0.1514997527614999,0.1645703341402745,1.0,1024,128,4.2,3.09,0.01,0.0
H16_phihigh_rhomid_s12,chronos-2:autogluon/chronos-2,0.1474457031978065,0.16436042750937824,1.0,1024,128,4.3,3.09,0.01,0.0
H16_phihigh_rhomid_s13,chronos-2:autogluon/chronos-2,0.14762501957439536,0.16427096304920033,1.0,1024,128,4.6,3.08,0.01,0.0
H16_phihigh_rhomid_s14,chronos-2:autogluon/chronos-2,0.14969780092407167,0.1659830103742508,1.0,1024,128,4.6,3.08,0.01,0.0
H16_phihigh_rhomid_s15,chronos-2:autogluon/chronos-2,0.14858599168565548,0.16465732861299864,1.0,1024,128,5.1,3.75,0.01,0.0
H16_philow_rhohigh_s00,chronos-2:autogluon/chronos-2,0.3166058913480383,0.3613569911851628,1.0,1024,128,4.5,3.09,0.01,0.0
H16_philow_rhohigh_s01,chronos-2:autogluon/chronos-2,0.32269071720417886,0.36717873745918445,1.0,1024,128,4.6,3.08,0.01,0.0
H16_philow_rhohigh_s02,chronos-2:autogluon/chronos-2,0.32190408672940485,0.3651488231137602,1.0,1024,128,4.6,3.08,0.01,0.0
H16_philow_rhohigh_s03,chronos-2:autogluon/chronos-2,0.31992545631256186,0.36237986248072973,1.0,1024,128,4.6,3.09,0.01,0.0
H16_philow_rhohigh_s04,chronos-2:autogluon/chronos-2,0.3188122449786266,0.3615428394678336,1.0,1024,128,4.6,3.09,0.01,0.0
H16_philow_rhohigh_s05,chronos-2:autogluon/chronos-2,0.3181842565057303,0.36361629348164526,1.0,1024,128,4.5,3.09,0.01,0.0
H16_philow_rhohigh_s06,chronos-2:autogluon/chronos-2,0.323490564905595,0.36160483466738685,1.0,1024,128,4.3,3.08,0.01,0.0
H16_philow_rhohigh_s07,chronos-2:autogluon/chronos-2,0.3257853545552801,0.36955223787413843,1.0,1024,128,5.3,3.08,0.01,0.0
H16_philow_rhohigh_s08,chronos-2:autogluon/chronos-2,0.3243423541299621,0.3670050079018531,1.0,1024,128,4.4,3.09,0.01,0.0
H16_philow_rhohigh_s09,chronos-2:autogluon/chronos-2,0.3189599043734219,0.36634327788851884,1.0,1024,128,4.6,3.08,0.01,0.0
H16_philow_rhohigh_s10,chronos-2:autogluon/chronos-2,0.3224113774053845,0.36774488151689333,1.0,1024,128,4.6,3.09,0.01,0.0
H16_philow_rhohigh_s11,chronos-2:autogluon/chronos-2,0.3291252884529394,0.36093801246118584,1.0,1024,128,4.6,3.08,0.01,0.0
H16_philow_rhohigh_s12,chronos-2:autogluon/chronos-2,0.3201274929448688,0.3621665168172849,1.0,1024,128,4.4,3.08,0.01,0.0
H16_philow_rhohigh_s13,chronos-2:autogluon/chronos-2,0.3252989805976588,0.3661741769027821,1.0,1024,128,4.6,3.09,0.01,0.0
H16_philow_rhohigh_s14,chronos-2:autogluon/chronos-2,0.31353993322010654,0.36264590449757117,1.0,1024,128,5.3,3.08,0.01,0.0
H16_philow_rhohigh_s15,chronos-2:autogluon/chronos-2,0.3227606858992279,0.36326539848948347,1.0,1024,128,3.8,3.09,0.01,0.0
H16_philow_rholow_s00,chronos-2:autogluon/chronos-2,0.3166058913480383,0.3613569911851628,1.0,1024,128,4.6,3.09,0.01,0.0
H16_philow_rholow_s01,chronos-2:autogluon/chronos-2,0.32269071720417886,0.36717873745918445,1.0,1024,128,4.6,3.09,0.01,0.0
H16_philow_rholow_s02,chronos-2:autogluon/chronos-2,0.32190408672940485,0.3651488231137602,1.0,1024,128,4.5,3.08,0.01,0.0
H16_philow_rholow_s03,chronos-2:autogluon/chronos-2,0.31992545631256186,0.36237986248072973,1.0,1024,128,4.5,3.09,0.01,0.0
H16_philow_rholow_s04,chronos-2:autogluon/chronos-2,0.3188122449786266,0.3615428394678336,1.0,1024,128,4.5,3.08,0.01,0.0
H16_philow_rholow_s05,chronos-2:autogluon/chronos-2,0.3181842565057303,0.36361629348164526,1.0,1024,128,5.3,3.76,0.01,0.0
H16_philow_rholow_s06,chronos-2:autogluon/chronos-2,0.323490564905595,0.36160483466738685,1.0,1024,128,4.6,3.09,0.01,0.0
H16_philow_rholow_s07,chronos-2:autogluon/chronos-2,0.3257853545552801,0.36955223787413843,1.0,1024,128,4.6,3.09,0.01,0.0
H16_philow_rholow_s08,chronos-2:autogluon/chronos-2,0.3243423541299621,0.3670050079018531,1.0,1024,128,4.5,3.08,0.01,0.0
H16_philow_rholow_s09,chronos-2:autogluon/chronos-2,0.3189599043734219,0.36634327788851884,1.0,1024,128,4.9,3.08,0.01,0.0
H16_philow_rholow_s10,chronos-2:autogluon/chronos-2,0.3224113774053845,0.36774488151689333,1.0,1024,128,5.7,3.08,0.01,0.0
H16_philow_rholow_s11,chronos-2:autogluon/chronos-2,0.3291252884529394,0.36093801246118584,1.0,1024,128,4.7,3.08,0.01,0.0
H16_philow_rholow_s12,chronos-2:autogluon/chronos-2,0.3201274929448688,0.3621665168172849,1.0,1024,128,5.2,3.08,0.01,0.0
H16_philow_rholow_s13,chronos-2:autogluon/chronos-2,0.3252989805976588,0.3661741769027821,1.0,1024,128,4.7,3.08,0.01,0.0
H16_philow_rholow_s14,chronos-2:autogluon/chronos-2,0.31353993322010654,0.36264590449757117,1.0,1024,128,4.6,3.08,0.01,0.0
H16_philow_rholow_s15,chronos-2:autogluon/chronos-2,0.3227606858992279,0.36326539848948347,1.0,1024,128,3.8,3.08,0.01,0.0
H16_philow_rhomid_s00,chronos-2:autogluon/chronos-2,0.3166058913480383,0.3613569911851628,1.0,1024,128,4.6,3.08,0.01,0.0
H16_philow_rhomid_s01,chronos-2:autogluon/chronos-2,0.32269071720417886,0.36717873745918445,1.0,1024,128,3.7,3.09,0.01,0.0
H16_philow_rhomid_s02,chronos-2:autogluon/chronos-2,0.32190408672940485,0.3651488231137602,1.0,1024,128,4.6,3.09,0.01,0.0
H16_philow_rhomid_s03,chronos-2:autogluon/chronos-2,0.31992545631256186,0.36237986248072973,1.0,1024,128,5.3,3.77,0.01,0.0
H16_philow_rhomid_s04,chronos-2:autogluon/chronos-2,0.3188122449786266,0.3615428394678336,1.0,1024,128,4.5,3.09,0.01,0.0
H16_philow_rhomid_s05,chronos-2:autogluon/chronos-2,0.3181842565057303,0.36361629348164526,1.0,1024,128,4.6,3.08,0.01,0.0
H16_philow_rhomid_s06,chronos-2:autogluon/chronos-2,0.323490564905595,0.36160483466738685,1.0,1024,128,4.6,3.07,0.01,0.0
H16_philow_rhomid_s07,chronos-2:autogluon/chronos-2,0.3257853545552801,0.36955223787413843,1.0,1024,128,4.6,3.08,0.01,0.0
H16_philow_rhomid_s08,chronos-2:autogluon/chronos-2,0.3243423541299621,0.3670050079018531,1.0,1024,128,4.6,3.08,0.01,0.0
H16_philow_rhomid_s09,chronos-2:autogluon/chronos-2,0.3189599043734219,0.36634327788851884,1.0,1024,128,4.6,3.08,0.01,0.0
H16_philow_rhomid_s10,chronos-2:autogluon/chronos-2,0.3224113774053845,0.36774488151689333,1.0,1024,128,5.2,3.78,0.01,0.0
H16_philow_rhomid_s11,chronos-2:autogluon/chronos-2,0.3291252884529394,0.36093801246118584,1.0,1024,128,3.8,3.09,0.01,0.0
H16_philow_rhomid_s12,chronos-2:autogluon/chronos-2,0.3201274929448688,0.3621665168172849,1.0,1024,128,4.7,3.08,0.01,0.0
H16_philow_rhomid_s13,chronos-2:autogluon/chronos-2,0.3252989805976588,0.3661741769027821,1.0,1024,128,3.9,3.07,0.01,0.0
H16_philow_rhomid_s14,chronos-2:autogluon/chronos-2,0.31353993322010654,0.36264590449757117,1.0,1024,128,4.6,3.08,0.01,0.0
H16_philow_rhomid_s15,chronos-2:autogluon/chronos-2,0.3227606858992279,0.36326539848948347,1.0,1024,128,4.6,3.07,0.01,0.0
H16_phimid_rhohigh_s00,chronos-2:autogluon/chronos-2,0.2460430150234567,0.2774858053805102,1.0,1024,128,5.1,3.09,0.01,0.0
H16_phimid_rhohigh_s01,chronos-2:autogluon/chronos-2,0.2503882539656362,0.2823895266049347,1.0,1024,128,5.8,3.82,0.01,0.0
H16_phimid_rhohigh_s02,chronos-2:autogluon/chronos-2,0.24974568620795867,0.28052889784870594,1.0,1024,128,4.9,3.09,0.01,0.0
H16_phimid_rhohigh_s03,chronos-2:autogluon/chronos-2,0.24940353762532125,0.2804714113158149,1.0,1024,128,4.5,3.06,0.01,0.0
H16_phimid_rhohigh_s04,chronos-2:autogluon/chronos-2,0.2476555257241694,0.27810596100388535,1.0,1024,128,4.5,3.06,0.01,0.0
H16_phimid_rhohigh_s05,chronos-2:autogluon/chronos-2,0.24427993531540518,0.2796431192459342,1.0,1024,128,4.6,3.07,0.01,0.0
H16_phimid_rhohigh_s06,chronos-2:autogluon/chronos-2,0.2520816733389753,0.27916118559993264,1.0,1024,128,4.6,3.07,0.01,0.0
H16_phimid_rhohigh_s07,chronos-2:autogluon/chronos-2,0.25198599685974343,0.28417269832861186,1.0,1024,128,3.9,3.09,0.01,0.0
H16_phimid_rhohigh_s08,chronos-2:autogluon/chronos-2,0.2516923296631845,0.2828976730033063,1.0,1024,128,4.6,3.09,0.01,0.0
H16_phimid_rhohigh_s09,chronos-2:autogluon/chronos-2,0.24953916596806489,0.28235651751670754,1.0,1024,128,5.9,3.12,0.01,0.0
H16_phimid_rhohigh_s10,chronos-2:autogluon/chronos-2,0.24895534342450013,0.2811802273117937,1.0,1024,128,4.6,3.07,0.01,0.0
H16_phimid_rhohigh_s11,chronos-2:autogluon/chronos-2,0.25383772552985817,0.2767348875406579,1.0,1024,128,4.6,3.06,0.01,0.0
H16_phimid_rhohigh_s12,chronos-2:autogluon/chronos-2,0.24720135715659142,0.27682391886706437,1.0,1024,128,3.8,3.05,0.01,0.0
H16_phimid_rhohigh_s13,chronos-2:autogluon/chronos-2,0.24914200638977255,0.2794294879620865,1.0,1024,128,4.5,3.04,0.01,0.0
H16_phimid_rhohigh_s14,chronos-2:autogluon/chronos-2,0.24448224010545186,0.2801074084596739,1.0,1024,128,4.6,3.09,0.01,0.0
H16_phimid_rhohigh_s15,chronos-2:autogluon/chronos-2,0.24893382175861342,0.28064629572572675,1.0,1024,128,4.5,3.09,0.01,0.0
H16_phimid_rholow_s00,chronos-2:autogluon/chronos-2,0.2426607320504169,0.2741961803044435,1.0,1024,128,5.3,3.14,0.01,0.0
H16_phimid_rholow_s01,chronos-2:autogluon/chronos-2,0.2466138056116421,0.2780478649600838,1.0,1024,128,4.7,3.07,0.01,0.0
H16_phimid_rholow_s02,chronos-2:autogluon/chronos-2,0.2464139588916394,0.2762918577039417,1.0,1024,128,4.5,3.06,0.01,0.0
H16_phimid_rholow_s03,chronos-2:autogluon/chronos-2,0.24704911826055648,0.27541351928504865,1.0,1024,128,4.5,3.02,0.01,0.0
H16_phimid_rholow_s04,chronos-2:autogluon/chronos-2,0.24691083457749893,0.2748309974401595,1.0,1024,128,4.5,3.03,0.01,0.0
H16_phimid_rholow_s05,chronos-2:autogluon/chronos-2,0.2418157575157474,0.27738597164664996,1.0,1024,128,4.8,3.08,0.01,0.0
H16_phimid_rholow_s06,chronos-2:autogluon/chronos-2,0.24940128827867278,0.27574792998626607,1.0,1024,128,4.4,3.08,0.01,0.0
H16_phimid_rholow_s07,chronos-2:autogluon/chronos-2,0.25023656726485993,0.2820750629569881,1.0,1024,128,5.4,3.93,0.01,0.0
H16_phimid_rholow_s08,chronos-2:autogluon/chronos-2,0.24795696461509803,0.2778029316302988,1.0,1024,128,4.6,3.07,0.01,0.0
H16_phimid_rholow_s09,chronos-2:autogluon/chronos-2,0.24241583622674567,0.27759238440387046,1.0,1024,128,4.5,3.05,0.01,0.0
H16_phimid_rholow_s10,chronos-2:autogluon/chronos-2,0.2480079026927937,0.27839809142282973,1.0,1024,128,4.5,3.03,0.01,0.0
H16_phimid_rholow_s11,chronos-2:autogluon/chronos-2,0.2501242179106698,0.27507470880929885,1.0,1024,128,4.5,3.03,0.01,0.0
H16_phimid_rholow_s12,chronos-2:autogluon/chronos-2,0.24276256578009944,0.27453741145644106,1.0,1024,128,4.6,3.08,0.01,0.0
H16_phimid_rholow_s13,chronos-2:autogluon/chronos-2,0.24734814242442527,0.27871307796741296,1.0,1024,128,4.6,3.08,0.01,0.0
H16_phimid_rholow_s14,chronos-2:autogluon/chronos-2,0.2431211362854324,0.276986472412526,1.0,1024,128,4.5,3.91,0.01,0.0
H16_phimid_rholow_s15,chronos-2:autogluon/chronos-2,0.2489818764328,0.2774423999806797,1.0,1024,128,3.7,3.1,0.01,0.0
H16_phimid_rhomid_s00,chronos-2:autogluon/chronos-2,0.2480094444139801,0.279692505854038,1.0,1024,128,4.4,3.06,0.01,0.0
H16_phimid_rhomid_s01,chronos-2:autogluon/chronos-2,0.25095140792401077,0.28425173030996,1.0,1024,128,3.7,3.06,0.01,0.0
H16_phimid_rhomid_s02,chronos-2:autogluon/chronos-2,0.2521818616739597,0.28077642330377856,1.0,1024,128,4.6,3.01,0.01,0.0
H16_phimid_rhomid_s03,chronos-2:autogluon/chronos-2,0.25173754251256375,0.28013557574900383,1.0,1024,128,4.5,3.08,0.01,0.0
H16_phimid_rhomid_s04,chronos-2:autogluon/chronos-2,0.25316294360996716,0.2815365123497583,1.0,1024,128,4.5,3.08,0.01,0.0
H16_phimid_rhomid_s05,chronos-2:autogluon/chronos-2,0.24898384807758883,0.28250645883172415,1.0,1024,128,4.6,3.12,0.01,0.0
H16_phimid_rhomid_s06,chronos-2:autogluon/chronos-2,0.25309923959226555,0.2816996830204111,1.0,1024,128,5.4,3.13,0.01,0.0
H16_phimid_rhomid_s07,chronos-2:autogluon/chronos-2,0.2542239098050047,0.287054297130091,1.0,1024,128,4.4,3.06,0.01,0.0
H16_phimid_rhomid_s08,chronos-2:autogluon/chronos-2,0.2551042217968331,0.2835055845640564,1.0,1024,128,4.6,3.05,0.01,0.0
H16_phimid_rhomid_s09,chronos-2:autogluon/chronos-2,0.24879645503657072,0.2819842297640578,1.0,1024,128,4.5,3.02,0.01,0.0
H16_phimid_rhomid_s10,chronos-2:autogluon/chronos-2,0.25176369246658925,0.282996469119544,1.0,1024,128,4.5,3.05,0.01,0.0
H16_phimid_rhomid_s11,chronos-2:autogluon/chronos-2,0.2563353638923276,0.278866120808362,1.0,1024,128,4.7,3.08,0.01,0.0
H16_phimid_rhomid_s12,chronos-2:autogluon/chronos-2,0.24831490698144987,0.27929225460942636,1.0,1024,128,4.7,3.12,0.01,0.0
H16_phimid_rhomid_s13,chronos-2:autogluon/chronos-2,0.2531693109028621,0.28338451346545424,1.0,1024,128,5.4,3.92,0.01,0.0
H16_phimid_rhomid_s14,chronos-2:autogluon/chronos-2,0.2468065583521012,0.2809245402049712,1.0,1024,128,4.6,3.06,0.01,0.0
H16_phimid_rhomid_s15,chronos-2:autogluon/chronos-2,0.253956432093967,0.28164485787181415,1.0,1024,128,5.0,3.06,0.01,0.0
H256_phihigh_rhohigh_s00,chronos-2:autogluon/chronos-2,0.1622313687713875,0.23022509382505202,1.0,1024,128,5.6,3.35,0.11,0.0
H256_phihigh_rhohigh_s01,chronos-2:autogluon/chronos-2,0.15737242722373143,0.2248346996056687,1.0,1024,128,5.3,3.44,0.07,0.0
H256_phihigh_rhohigh_s02,chronos-2:autogluon/chronos-2,0.15701875791168485,0.22381646250417392,1.0,1024,128,5.3,3.45,0.06,0.0
H256_phihigh_rhohigh_s03,chronos-2:autogluon/chronos-2,0.15928255699824986,0.22920133212147475,1.0,1024,128,5.7,4.29,0.06,0.0
H256_phihigh_rhohigh_s04,chronos-2:autogluon/chronos-2,0.16484846985982388,0.23780508965962982,1.0,1024,128,5.3,3.42,0.05,0.0
H256_phihigh_rhohigh_s05,chronos-2:autogluon/chronos-2,0.15979396250140063,0.2287744050380064,1.0,1024,128,5.4,3.39,0.06,0.0
H256_phihigh_rhohigh_s06,chronos-2:autogluon/chronos-2,0.16179407593495726,0.23153489560731472,1.0,1024,128,5.0,3.38,0.05,0.0
H256_phihigh_rhohigh_s07,chronos-2:autogluon/chronos-2,0.1670002541179975,0.23963326399883939,1.0,1024,128,5.2,3.44,0.09,0.0
H256_phihigh_rhohigh_s08,chronos-2:autogluon/chronos-2,0.1608347971756221,0.23179595197601402,1.0,1024,128,5.7,3.45,0.06,0.0
H256_phihigh_rhohigh_s09,chronos-2:autogluon/chronos-2,0.16054882351969882,0.23024008814922248,1.0,1024,128,5.4,3.5,0.08,0.0
H256_phihigh_rhohigh_s10,chronos-2:autogluon/chronos-2,0.16037029505283779,0.23177499461602574,1.0,1024,128,5.0,3.46,0.05,0.0
H256_phihigh_rhohigh_s11,chronos-2:autogluon/chronos-2,0.16278015247969307,0.23281368835475977,1.0,1024,128,4.5,3.46,0.08,0.0
H256_phihigh_rhohigh_s12,chronos-2:autogluon/chronos-2,0.15816294610607423,0.22872853079454802,1.0,1024,128,6.3,4.52,0.07,0.0
H256_phihigh_rhohigh_s13,chronos-2:autogluon/chronos-2,0.15761966038367942,0.22806452406327438,1.0,1024,128,5.4,3.6,0.05,0.0
H256_phihigh_rhohigh_s14,chronos-2:autogluon/chronos-2,0.15821899188776323,0.2267960627882808,1.0,1024,128,4.9,3.43,0.06,0.0
H256_phihigh_rhohigh_s15,chronos-2:autogluon/chronos-2,0.16200322318737131,0.23274540627341006,1.0,1024,128,5.5,3.22,0.05,0.0
H256_phihigh_rholow_s00,chronos-2:autogluon/chronos-2,0.1509037076752916,0.2141992226226681,1.0,1024,128,5.5,3.52,0.05,0.0
H256_phihigh_rholow_s01,chronos-2:autogluon/chronos-2,0.1472200897601037,0.21022894404541648,1.0,1024,128,5.2,3.47,0.08,0.0
H256_phihigh_rholow_s02,chronos-2:autogluon/chronos-2,0.14844455502710788,0.21234466995651372,1.0,1024,128,5.2,3.48,0.06,0.0
H256_phihigh_rholow_s03,chronos-2:autogluon/chronos-2,0.14566815067314795,0.2126061665537894,1.0,1024,128,5.7,3.47,0.06,0.0
H256_phihigh_rholow_s04,chronos-2:autogluon/chronos-2,0.14798429719520084,0.21347286260956247,1.0,1024,128,5.0,3.45,0.05,0.0
H256_phihigh_rholow_s05,chronos-2:autogluon/chronos-2,0.14923975759832897,0.21414114643348406,1.0,1024,128,5.2,3.47,0.09,0.0
H256_phihigh_rholow_s06,chronos-2:autogluon/chronos-2,0.15080161206039938,0.2159593295502826,1.0,1024,128,5.1,3.46,0.05,0.0
H256_phihigh_rholow_s07,chronos-2:autogluon/chronos-2,0.1506809891679735,0.21810554057114862,1.0,1024,128,5.2,3.47,0.05,0.0
H256_phihigh_rholow_s08,chronos-2:autogluon/chronos-2,0.14888951510600762,0.21490316392427536,1.0,1024,128,5.2,3.46,0.07,0.0
H256_phihigh_rholow_s09,chronos-2:autogluon/chronos-2,0.1471768501697749,0.21555423012893493,1.0,1024,128,6.0,3.93,0.07,0.0
H256_phihigh_rholow_s10,chronos-2:autogluon/chronos-2,0.15205056069320877,0.22048545747521892,1.0,1024,128,5.2,3.47,0.05,0.0
H256_phihigh_rholow_s11,chronos-2:autogluon/chronos-2,0.15103281458323792,0.2180173743486558,1.0,1024,128,5.0,3.46,0.06,0.0
H256_phihigh_rholow_s12,chronos-2:autogluon/chronos-2,0.14882925088017995,0.21356494391176645,1.0,1024,128,5.7,3.46,0.07,0.0
H256_phihigh_rholow_s13,chronos-2:autogluon/chronos-2,0.14947354652832168,0.21674199076314093,1.0,1024,128,5.2,3.46,0.06,0.0
H256_phihigh_rholow_s14,chronos-2:autogluon/chronos-2,0.14671710326890752,0.21027301314473756,1.0,1024,128,5.2,3.47,0.05,0.0
H256_phihigh_rholow_s15,chronos-2:autogluon/chronos-2,0.14857300686941,0.21378199568854434,1.0,1024,128,5.0,4.1,0.05,0.0
H256_phihigh_rhomid_s00,chronos-2:autogluon/chronos-2,0.19128110156956113,0.2700499418417221,1.0,1024,128,5.2,3.47,0.05,0.0
H256_phihigh_rhomid_s01,chronos-2:autogluon/chronos-2,0.18571941445561016,0.26556676743632346,1.0,1024,128,5.2,3.46,0.05,0.0
H256_phihigh_rhomid_s02,chronos-2:autogluon/chronos-2,0.19048763432846733,0.2722881148475469,1.0,1024,128,5.2,3.46,0.05,0.0
H256_phihigh_rhomid_s03,chronos-2:autogluon/chronos-2,0.1866924886860736,0.27019973723327456,0.9990234375,1024,128,5.2,3.46,0.07,0.0
H256_phihigh_rhomid_s04,chronos-2:autogluon/chronos-2,0.1951638144739644,0.2814032857457392,1.0,1024,128,5.2,3.47,0.09,0.0
H256_phihigh_rhomid_s05,chronos-2:autogluon/chronos-2,0.19388772319956188,0.27630631872719486,1.0,1024,128,5.5,3.96,0.06,0.0
H256_phihigh_rhomid_s06,chronos-2:autogluon/chronos-2,0.19178087308754194,0.2753468105409198,1.0,1024,128,5.3,3.51,0.06,0.0
H256_phihigh_rhomid_s07,chronos-2:autogluon/chronos-2,0.18807676803181494,0.2712715929636723,1.0,1024,128,5.3,3.48,0.05,0.0
H256_phihigh_rhomid_s08,chronos-2:autogluon/chronos-2,0.18661395022583932,0.2688469795730546,1.0,1024,128,5.2,3.46,0.05,0.0
H256_phihigh_rhomid_s09,chronos-2:autogluon/chronos-2,0.18706415663517026,0.27102138735878006,1.0,1024,128,5.2,3.45,0.05,0.0
H256_phihigh_rhomid_s10,chronos-2:autogluon/chronos-2,0.18712984228881885,0.2702453611570168,1.0,1024,128,5.2,3.46,0.05,0.0
H256_phihigh_rhomid_s11,chronos-2:autogluon/chronos-2,0.19188440501983123,0.2729982717378644,1.0,1024,128,5.2,3.45,0.05,0.0
H256_phihigh_rhomid_s12,chronos-2:autogluon/chronos-2,0.1860442549133305,0.2662055912405119,1.0,1024,128,5.5,3.46,0.05,0.0
H256_phihigh_rhomid_s13,chronos-2:autogluon/chronos-2,0.19780906614506552,0.2835751717633317,1.0,1024,128,5.2,3.46,0.05,0.0
H256_phihigh_rhomid_s14,chronos-2:autogluon/chronos-2,0.18691663512819412,0.2671865250925067,0.9990234375,1024,128,5.3,3.46,0.07,0.0
H256_phihigh_rhomid_s15,chronos-2:autogluon/chronos-2,0.19162101035146117,0.2756058996472259,1.0,1024,128,5.5,3.46,0.05,0.0
H256_philow_rhohigh_s00,chronos-2:autogluon/chronos-2,0.27508610375931114,0.3628133936908066,1.0,1024,128,5.3,3.48,0.05,0.0
H256_philow_rhohigh_s01,chronos-2:autogluon/chronos-2,0.27353705495276726,0.3628178674317323,1.0,1024,128,5.1,3.46,0.05,0.0
H256_philow_rhohigh_s02,chronos-2:autogluon/chronos-2,0.2767651319667632,0.36570139904469773,1.0,1024,128,5.8,4.03,0.06,0.0
H256_philow_rhohigh_s03,chronos-2:autogluon/chronos-2,0.27465195154514044,0.3687921479712737,1.0,1024,128,5.3,3.46,0.05,0.0
H256_philow_rhohigh_s04,chronos-2:autogluon/chronos-2,0.27489878018795455,0.36608529670466344,1.0,1024,128,5.5,3.46,0.06,0.0
H256_philow_rhohigh_s05,chronos-2:autogluon/chronos-2,0.27555282624415633,0.3677198908929685,1.0,1024,128,4.3,3.47,0.05,0.0
H256_philow_rhohigh_s06,chronos-2:autogluon/chronos-2,0.27692234806265165,0.36827579391038173,1.0,1024,128,5.0,3.46,0.05,0.0
H256_philow_rhohigh_s07,chronos-2:autogluon/chronos-2,0.2761129188383012,0.3690433224917757,1.0,1024,128,5.1,3.45,0.05,0.0
H256_philow_rhohigh_s08,chronos-2:autogluon/chronos-2,0.2746524525507947,0.367594653177148,1.0,1024,128,5.3,3.97,0.07,0.0
H256_philow_rhohigh_s09,chronos-2:autogluon/chronos-2,0.2759862647885415,0.3697982855101186,1.0,1024,128,4.2,3.47,0.05,0.0
H256_philow_rhohigh_s10,chronos-2:autogluon/chronos-2,0.2770024571152295,0.3706943675086324,1.0,1024,128,5.5,3.48,0.05,0.0
H256_philow_rhohigh_s11,chronos-2:autogluon/chronos-2,0.2751114812573168,0.36729808278287057,1.0,1024,128,5.2,3.45,0.05,0.0
H256_philow_rhohigh_s12,chronos-2:autogluon/chronos-2,0.27526450046128764,0.36642405042918136,1.0,1024,128,5.2,3.46,0.05,0.0
H256_philow_rhohigh_s13,chronos-2:autogluon/chronos-2,0.27645455470169117,0.3691967812277771,1.0,1024,128,4.8,3.46,0.05,0.0
H256_philow_rhohigh_s14,chronos-2:autogluon/chronos-2,0.2749642727765902,0.3664035086256445,1.0,1024,128,4.7,3.46,0.05,0.0
H256_philow_rhohigh_s15,chronos-2:autogluon/chronos-2,0.27649183589529086,0.3677624876305054,1.0,1024,128,5.5,3.99,0.06,0.0
H256_philow_rholow_s00,chronos-2:autogluon/chronos-2,0.27508610375931114,0.3628133936908066,1.0,1024,128,4.2,3.47,0.05,0.0
H256_philow_rholow_s01,chronos-2:autogluon/chronos-2,0.27353705495276726,0.3628178674317323,1.0,1024,128,4.9,3.46,0.05,0.0
H256_philow_rholow_s02,chronos-2:autogluon/chronos-2,0.2767651319667632,0.36570139904469773,1.0,1024,128,4.7,3.46,0.06,0.0
H256_philow_rholow_s03,chronos-2:autogluon/chronos-2,0.27465195154514044,0.3687921479712737,1.0,1024,128,5.2,3.46,0.05,0.0
H256_philow_rholow_s04,chronos-2:autogluon/chronos-2,0.27489878018795455,0.36608529670466344,1.0,1024,128,5.1,3.46,0.05,0.0
H256_philow_rholow_s05,chronos-2:autogluon/chronos-2,0.27555282624415633,0.3677198908929685,1.0,1024,128,5.2,3.55,0.06,0.0
H256_philow_rholow_s06,chronos-2:autogluon/chronos-2,0.27692234806265165,0.36827579391038173,1.0,1024,128,5.9,3.47,0.07,0.0
H256_philow_rholow_s07,chronos-2:autogluon/chronos-2,0.2761129188383012,0.3690433224917757,1.0,1024,128,5.6,3.46,0.05,0.0
H256_philow_rholow_s08,chronos-2:autogluon/chronos-2,0.2746524525507947,0.367594653177148,1.0,1024,128,5.2,3.46,0.05,0.0
H256_philow_rholow_s09,chronos-2:autogluon/chronos-2,0.2759862647885415,0.3697982855101186,1.0,1024,128,5.0,3.46,0.05,0.0
H256_philow_rholow_s10,chronos-2:autogluon/chronos-2,0.2770024571152295,0.3706943675086324,1.0,1024,128,5.0,3.46,0.05,0.0
H256_philow_rholow_s11,chronos-2:autogluon/chronos-2,0.2751114812573168,0.36729808278287057,1.0,1024,128,5.2,3.46,0.06,0.0
H256_philow_rholow_s12,chronos-2:autogluon/chronos-2,0.27526450046128764,0.36642405042918136,1.0,1024,128,5.8,3.52,0.05,0.0
H256_philow_rholow_s13,chronos-2:autogluon/chronos-2,0.27645455470169117,0.3691967812277771,1.0,1024,128,5.3,3.46,0.04,0.0
H256_philow_rholow_s14,chronos-2:autogluon/chronos-2,0.2749642727765902,0.3664035086256445,1.0,1024,128,5.2,3.45,0.05,0.0
H256_philow_rholow_s15,chronos-2:autogluon/chronos-2,0.27649183589529086,0.3677624876305054,1.0,1024,128,5.2,3.47,0.05,0.0
H256_philow_rhomid_s00,chronos-2:autogluon/chronos-2,0.27508610375931114,0.3628133936908066,1.0,1024,128,5.4,3.47,0.06,0.0
H256_philow_rhomid_s01,chronos-2:autogluon/chronos-2,0.27353705495276726,0.3628178674317323,1.0,1024,128,5.2,3.45,0.05,0.0
H256_philow_rhomid_s02,chronos-2:autogluon/chronos-2,0.2767651319667632,0.36570139904469773,1.0,1024,128,5.7,3.97,0.05,0.0
H256_philow_rhomid_s03,chronos-2:autogluon/chronos-2,0.27465195154514044,0.3687921479712737,1.0,1024,128,5.2,3.47,0.07,0.0
H256_philow_rhomid_s04,chronos-2:autogluon/chronos-2,0.27489878018795455,0.36608529670466344,1.0,1024,128,5.3,3.46,0.05,0.0
H256_philow_rhomid_s05,chronos-2:autogluon/chronos-2,0.27555282624415633,0.3677198908929685,1.0,1024,128,4.5,3.46,0.05,0.0
H256_philow_rhomid_s06,chronos-2:autogluon/chronos-2,0.27692234806265165,0.36827579391038173,1.0,1024,128,5.0,3.46,0.05,0.0
H256_philow_rhomid_s07,chronos-2:autogluon/chronos-2,0.2761129188383012,0.3690433224917757,1.0,1024,128,5.2,3.46,0.05,0.0
H256_philow_rhomid_s08,chronos-2:autogluon/chronos-2,0.2746524525507947,0.367594653177148,1.0,1024,128,5.7,3.97,0.05,0.0
H256_philow_rhomid_s09,chronos-2:autogluon/chronos-2,0.2759862647885415,0.3697982855101186,1.0,1024,128,4.7,3.47,0.06,0.0
H256_philow_rhomid_s10,chronos-2:autogluon/chronos-2,0.2770024571152295,0.3706943675086324,1.0,1024,128,5.0,3.46,0.05,0.0
H256_philow_rhomid_s11,chronos-2:autogluon/chronos-2,0.2751114812573168,0.36729808278287057,1.0,1024,128,4.2,3.47,0.05,0.0
H256_philow_rhomid_s12,chronos-2:autogluon/chronos-2,0.27526450046128764,0.36642405042918136,1.0,1024,128,5.3,3.55,0.05,0.0
H256_philow_rhomid_s13,chronos-2:autogluon/chronos-2,0.27645455470169117,0.3691967812277771,1.0,1024,128,4.9,3.47,0.06,0.0
H256_philow_rhomid_s14,chronos-2:autogluon/chronos-2,0.2749642727765902,0.3664035086256445,1.0,1024,128,4.6,3.59,0.05,0.0
H256_philow_rhomid_s15,chronos-2:autogluon/chronos-2,0.27649183589529086,0.3677624876305054,1.0,1024,128,5.1,3.99,0.05,0.0
H256_phimid_rhohigh_s00,chronos-2:autogluon/chronos-2,0.23807458865142778,0.32513793154087756,1.0,1024,128,5.1,3.48,0.05,0.0
H256_phimid_rhohigh_s01,chronos-2:autogluon/chronos-2,0.23648884119097333,0.3266804733861428,1.0,1024,128,5.2,3.45,0.05,0.0
H256_phimid_rhohigh_s02,chronos-2:autogluon/chronos-2,0.24156493417591512,0.33261459701880236,1.0,1024,128,5.2,3.45,0.05,0.0
H256_phimid_rhohigh_s03,chronos-2:autogluon/chronos-2,0.23389960634810542,0.3283732113771401,1.0,1024,128,5.2,3.47,0.05,0.0
H256_phimid_rhohigh_s04,chronos-2:autogluon/chronos-2,0.2415034013702722,0.33453416603356717,1.0,1024,128,4.2,3.47,0.07,0.0
H256_phimid_rhohigh_s05,chronos-2:autogluon/chronos-2,0.23808047952364686,0.3300487831713514,1.0,1024,128,4.3,3.51,0.05,0.0
H256_phimid_rhohigh_s06,chronos-2:autogluon/chronos-2,0.2421169789715113,0.3363719957487544,1.0,1024,128,5.6,3.49,0.07,0.0
H256_phimid_rhohigh_s07,chronos-2:autogluon/chronos-2,0.24145155039601504,0.335458342217609,1.0,1024,128,5.3,3.42,0.05,0.0
H256_phimid_rhohigh_s08,chronos-2:autogluon/chronos-2,0.23456869921681833,0.3272346755976139,1.0,1024,128,5.1,3.4,0.05,0.0
H256_phimid_rhohigh_s09,chronos-2:autogluon/chronos-2,0.23743127398124794,0.33216699983806913,1.0,1024,128,5.2,3.48,0.07,0.0
H256_phimid_rhohigh_s10,chronos-2:autogluon/chronos-2,0.23832262395873383,0.33284861395201115,1.0,1024,128,4.5,3.47,0.05,0.0
H256_phimid_rhohigh_s11,chronos-2:autogluon/chronos-2,0.24048466794057172,0.334684776441431,1.0,1024,128,4.8,3.47,0.05,0.0
H256_phimid_rhohigh_s12,chronos-2:autogluon/chronos-2,0.23468816649084454,0.32523203064969797,1.0,1024,128,4.8,4.03,0.05,0.0
H256_phimid_rhohigh_s13,chronos-2:autogluon/chronos-2,0.24015480444469117,0.33357059292636926,1.0,1024,128,5.2,3.48,0.06,0.0
H256_phimid_rhohigh_s14,chronos-2:autogluon/chronos-2,0.23609458369013092,0.32758500448331174,1.0,1024,128,5.3,3.41,0.05,0.0
H256_phimid_rhohigh_s15,chronos-2:autogluon/chronos-2,0.2388740301409239,0.3301334330765747,1.0,1024,128,5.1,3.45,0.05,0.0
H256_phimid_rholow_s00,chronos-2:autogluon/chronos-2,0.21996329759572064,0.30246925848510325,1.0,1024,128,5.2,3.46,0.05,0.0
H256_phimid_rholow_s01,chronos-2:autogluon/chronos-2,0.21689551801943757,0.2993938654992242,1.0,1024,128,5.2,3.48,0.05,0.0
H256_phimid_rholow_s02,chronos-2:autogluon/chronos-2,0.21996178811015235,0.30310742872374163,1.0,1024,128,5.2,3.47,0.06,0.0
H256_phimid_rholow_s03,chronos-2:autogluon/chronos-2,0.21856091666609717,0.3066924488331588,1.0,1024,128,4.8,4.05,0.05,0.0
H256_phimid_rholow_s04,chronos-2:autogluon/chronos-2,0.21958946015018302,0.30535443990501115,1.0,1024,128,5.0,3.46,0.05,0.0
H256_phimid_rholow_s05,chronos-2:autogluon/chronos-2,0.22019483064800238,0.30663149204381274,1.0,1024,128,5.0,3.45,0.05,0.0
H256_phimid_rholow_s06,chronos-2:autogluon/chronos-2,0.22135002096162626,0.3066734629953963,1.0,1024,128,5.1,3.46,0.05,0.0
H256_phimid_rholow_s07,chronos-2:autogluon/chronos-2,0.22015650972656436,0.30766561411339416,1.0,1024,128,5.5,3.36,0.06,0.0
H256_phimid_rholow_s08,chronos-2:autogluon/chronos-2,0.21897214784864266,0.3053801554733148,1.0,1024,128,5.2,3.43,0.1,0.0
H256_phimid_rholow_s09,chronos-2:autogluon/chronos-2,0.21840792591576205,0.30747126972335637,1.0,1024,128,6.5,4.23,0.05,0.0
H256_phimid_rholow_s10,chronos-2:autogluon/chronos-2,0.22090813724070973,0.3097542942301462,1.0,1024,128,5.7,3.47,0.05,0.0
H256_phimid_rholow_s11,chronos-2:autogluon/chronos-2,0.2196187645660141,0.306267251593754,1.0,1024,128,5.1,3.46,0.05,0.0
H256_phimid_rholow_s12,chronos-2:autogluon/chronos-2,0.2205051093432791,0.30654444409197323,1.0,1024,128,5.0,3.38,0.06,0.0
H256_phimid_rholow_s13,chronos-2:autogluon/chronos-2,0.21916803003533258,0.3066015021237919,1.0,1024,128,5.2,3.41,0.05,0.0
H256_phimid_rholow_s14,chronos-2:autogluon/chronos-2,0.21885939040170171,0.3035758837113268,1.0,1024,128,5.1,3.41,0.06,0.0
H256_phimid_rholow_s15,chronos-2:autogluon/chronos-2,0.21998771003759618,0.30522961732140097,1.0,1024,128,5.9,4.2,0.05,0.0
H256_phimid_rhomid_s00,chronos-2:autogluon/chronos-2,0.23767932722149526,0.32636256191750357,1.0,1024,128,5.3,3.48,0.05,0.0
H256_phimid_rhomid_s01,chronos-2:autogluon/chronos-2,0.2358639296498691,0.3248152925388398,1.0,1024,128,4.2,3.52,0.07,0.0
H256_phimid_rhomid_s02,chronos-2:autogluon/chronos-2,0.24110058042687435,0.33067520121234867,1.0,1024,128,5.5,3.39,0.05,0.0
H256_phimid_rhomid_s03,chronos-2:autogluon/chronos-2,0.2373685790594337,0.331781909631739,1.0,1024,128,5.1,3.44,0.05,0.0
H256_phimid_rhomid_s04,chronos-2:autogluon/chronos-2,0.24228349859198373,0.33551838347984175,1.0,1024,128,5.6,3.45,0.05,0.0
H256_phimid_rhomid_s05,chronos-2:autogluon/chronos-2,0.24145283352726488,0.33658552793927154,1.0,1024,128,5.2,3.47,0.05,0.0
H256_phimid_rhomid_s06,chronos-2:autogluon/chronos-2,0.24178723749111025,0.33468740332861563,1.0,1024,128,4.9,3.46,0.05,0.0
H256_phimid_rhomid_s07,chronos-2:autogluon/chronos-2,0.23902177778931377,0.3344791899495665,1.0,1024,128,5.1,3.47,0.05,0.0
H256_phimid_rhomid_s08,chronos-2:autogluon/chronos-2,0.2362315120496474,0.3286653167025635,1.0,1024,128,5.2,3.43,0.05,0.0
H256_phimid_rhomid_s09,chronos-2:autogluon/chronos-2,0.23688595237358592,0.33236700478963777,1.0,1024,128,5.5,3.4,0.08,0.0
H256_phimid_rhomid_s10,chronos-2:autogluon/chronos-2,0.2399768961126073,0.33492562522499125,1.0,1024,128,5.6,3.45,0.07,0.0
H256_phimid_rhomid_s11,chronos-2:autogluon/chronos-2,0.23709648004929143,0.33086344607948853,1.0,1024,128,5.4,3.46,0.05,0.0
H256_phimid_rhomid_s12,chronos-2:autogluon/chronos-2,0.2400776685920989,0.3337559752178668,1.0,1024,128,5.9,4.15,0.05,0.0
H256_phimid_rhomid_s13,chronos-2:autogluon/chronos-2,0.2396450122632544,0.3342666714512702,1.0,1024,128,5.3,3.54,0.05,0.0
H256_phimid_rhomid_s14,chronos-2:autogluon/chronos-2,0.238370831476013,0.33041600298121787,1.0,1024,128,5.2,3.44,0.05,0.0
H256_phimid_rhomid_s15,chronos-2:autogluon/chronos-2,0.23973573309407875,0.332154980422514,1.0,1024,128,4.2,3.42,0.05,0.0
H512_phihigh_rhohigh_s00,chronos-2:autogluon/chronos-2,0.20649325725581258,0.3061322837482414,0.998046875,1024,128,6.6,3.9,0.29,0.0
H512_phihigh_rhohigh_s01,chronos-2:autogluon/chronos-2,0.21350662465353576,0.3144560299578192,1.0,1024,128,6.3,3.85,0.15,0.0
H512_phihigh_rhohigh_s02,chronos-2:autogluon/chronos-2,0.20718716660010927,0.31035320930282645,0.9990234375,1024,128,6.5,3.89,0.2,0.0
H512_phihigh_rhohigh_s03,chronos-2:autogluon/chronos-2,0.20363072558836343,0.3057862214890139,0.9990234375,1024,128,5.8,3.81,0.18,0.0
H512_phihigh_rhohigh_s04,chronos-2:autogluon/chronos-2,0.2075510257366453,0.3079881093501129,0.998046875,1024,128,5.8,3.77,0.12,0.0
H512_phihigh_rhohigh_s05,chronos-2:autogluon/chronos-2,0.19700214782132147,0.2959202997557174,0.998046875,1024,128,5.7,3.87,0.14,0.0
H512_phihigh_rhohigh_s06,chronos-2:autogluon/chronos-2,0.2061321530515808,0.3032531681306376,1.0,1024,128,5.7,3.85,0.15,0.0
H512_phihigh_rhohigh_s07,chronos-2:autogluon/chronos-2,0.20145527215071213,0.2967938525839092,1.0,1024,128,6.0,3.85,0.84,0.0
H512_phihigh_rhohigh_s08,chronos-2:autogluon/chronos-2,0.2059455207155394,0.30528145207937396,1.0,1024,128,6.5,3.85,0.12,0.0
H512_phihigh_rhohigh_s09,chronos-2:autogluon/chronos-2,0.2032527642514787,0.29824020086506087,0.9990234375,1024,128,6.4,3.84,0.16,0.0
H512_phihigh_rhohigh_s10,chronos-2:autogluon/chronos-2,0.19647253264542763,0.2906338872260794,1.0,1024,128,5.8,3.83,0.22,0.0
H512_phihigh_rhohigh_s11,chronos-2:autogluon/chronos-2,0.20624514521614457,0.30596499793544396,1.0,1024,128,5.9,3.85,0.16,0.0
H512_phihigh_rhohigh_s12,chronos-2:autogluon/chronos-2,0.21086919806523508,0.3098761685710661,0.9990234375,1024,128,6.1,3.86,0.13,0.0
H512_phihigh_rhohigh_s13,chronos-2:autogluon/chronos-2,0.20763136316331682,0.3061122320650189,1.0,1024,128,5.5,4.53,0.17,0.0
H512_phihigh_rhohigh_s14,chronos-2:autogluon/chronos-2,0.20525317173934315,0.3017553558224543,0.998046875,1024,128,5.8,3.86,0.14,0.0
H512_phihigh_rhohigh_s15,chronos-2:autogluon/chronos-2,0.2025050278774504,0.3002808527415766,1.0,1024,128,5.8,3.81,0.15,0.0
H512_phihigh_rholow_s00,chronos-2:autogluon/chronos-2,0.1846785718640998,0.27544567298086065,1.0,1024,128,5.6,3.84,0.13,0.0
H512_phihigh_rholow_s01,chronos-2:autogluon/chronos-2,0.18655797808033703,0.2769242749301222,1.0,1024,128,4.7,3.87,0.14,0.0
H512_phihigh_rholow_s02,chronos-2:autogluon/chronos-2,0.19031980627453454,0.28552912069368586,1.0,1024,128,6.1,3.85,0.15,0.0
H512_phihigh_rholow_s03,chronos-2:autogluon/chronos-2,0.18876114238829222,0.28038054995697803,1.0,1024,128,7.1,3.84,0.13,0.0
H512_phihigh_rholow_s04,chronos-2:autogluon/chronos-2,0.1857694884439821,0.27730189527798643,1.0,1024,128,6.1,3.84,0.14,0.0
H512_phihigh_rholow_s05,chronos-2:autogluon/chronos-2,0.1881742444975832,0.2805434278994293,1.0,1024,128,5.8,3.82,0.14,0.0
H512_phihigh_rholow_s06,chronos-2:autogluon/chronos-2,0.18913746111801483,0.279970533014834,1.0,1024,128,5.9,3.84,0.14,0.0
H512_phihigh_rholow_s07,chronos-2:autogluon/chronos-2,0.1837762501205226,0.27104327452538934,1.0,1024,128,6.0,3.89,0.14,0.0
H512_phihigh_rholow_s08,chronos-2:autogluon/chronos-2,0.18641515201944853,0.2759151941359179,1.0,1024,128,6.6,4.55,0.19,0.0
H512_phihigh_rholow_s09,chronos-2:autogluon/chronos-2,0.1890366656546495,0.2801135551489545,1.0,1024,128,6.2,3.87,0.13,0.0
H512_phihigh_rholow_s10,chronos-2:autogluon/chronos-2,0.18901559182741023,0.28017841221075107,1.0,1024,128,5.8,3.86,0.17,0.0
H512_phihigh_rholow_s11,chronos-2:autogluon/chronos-2,0.18774531611930445,0.27990462999292465,1.0,1024,128,6.3,3.85,0.14,0.0
H512_phihigh_rholow_s12,chronos-2:autogluon/chronos-2,0.19060451714196913,0.28191707033996555,1.0,1024,128,6.5,3.84,0.18,0.0
H512_phihigh_rholow_s13,chronos-2:autogluon/chronos-2,0.19143659370743638,0.2837409124832505,1.0,1024,128,6.6,4.54,0.14,0.0
H512_phihigh_rholow_s14,chronos-2:autogluon/chronos-2,0.19095136633140167,0.28284133432664316,1.0,1024,128,5.9,3.85,0.2,0.0
H512_phihigh_rholow_s15,chronos-2:autogluon/chronos-2,0.18720910030108595,0.27860773225478985,1.0,1024,128,4.8,3.82,0.17,0.0
H512_phihigh_rhomid_s00,chronos-2:autogluon/chronos-2,0.22006918501258052,0.3272412415093239,1.0,1024,128,4.9,3.81,0.17,0.0
H512_phihigh_rhomid_s01,chronos-2:autogluon/chronos-2,0.22456955692705755,0.331158955781614,0.998046875,1024,128,5.7,3.84,0.16,0.0
H512_phihigh_rhomid_s02,chronos-2:autogluon/chronos-2,0.2296055847003921,0.34446612740354665,0.9990234375,1024,128,5.9,3.84,0.2,0.0
H512_phihigh_rhomid_s03,chronos-2:autogluon/chronos-2,0.22007458749825298,0.32914951402208953,0.9970703125,1024,128,5.7,4.59,0.15,0.0
H512_phihigh_rhomid_s04,chronos-2:autogluon/chronos-2,0.2183168273922368,0.32586669696261467,0.9990234375,1024,128,5.9,3.88,0.14,0.0
H512_phihigh_rhomid_s05,chronos-2:autogluon/chronos-2,0.22509472443686024,0.3371316057451975,0.9990234375,1024,128,6.4,3.81,0.17,0.0
H512_phihigh_rhomid_s06,chronos-2:autogluon/chronos-2,0.2210491683300049,0.32705033639696,0.998046875,1024,128,6.4,3.84,0.12,0.0
H512_phihigh_rhomid_s07,chronos-2:autogluon/chronos-2,0.22163332977058475,0.32838776322292956,1.0,1024,128,6.3,3.85,0.18,0.0
H512_phihigh_rhomid_s08,chronos-2:autogluon/chronos-2,0.22221898094263937,0.32982756266002755,0.998046875,1024,128,5.8,3.84,0.13,0.0
H512_phihigh_rhomid_s09,chronos-2:autogluon/chronos-2,0.2296423975162114,0.33853326042078885,1.0,1024,128,6.6,3.88,0.17,0.0
H512_phihigh_rhomid_s10,chronos-2:autogluon/chronos-2,0.21884666971890462,0.32550175642793444,0.9990234375,1024,128,5.9,3.92,0.13,0.0
H512_phihigh_rhomid_s11,chronos-2:autogluon/chronos-2,0.22089385602496941,0.3300422471452006,0.9970703125,1024,128,5.7,3.84,0.12,0.0
H512_phihigh_rhomid_s12,chronos-2:autogluon/chronos-2,0.22448356763146404,0.3313101018975517,1.0,1024,128,4.7,3.77,0.17,0.0
H512_phihigh_rhomid_s13,chronos-2:autogluon/chronos-2,0.22201172383840018,0.32925359758549355,1.0,1024,128,4.8,3.84,0.14,0.0
H512_phihigh_rhomid_s14,chronos-2:autogluon/chronos-2,0.2213844797552772,0.3293604914928113,0.9990234375,1024,128,6.3,3.83,0.18,0.0
H512_phihigh_rhomid_s15,chronos-2:autogluon/chronos-2,0.21845187692208387,0.3250196850217344,1.0,1024,128,6.4,3.89,0.22,0.0
H512_philow_rhohigh_s00,chronos-2:autogluon/chronos-2,0.2738621972743201,0.36599461399428074,1.0,1024,128,5.9,3.82,0.11,0.0
H512_philow_rhohigh_s01,chronos-2:autogluon/chronos-2,0.2762415846148609,0.3673361962420476,1.0,1024,128,4.7,3.84,0.13,0.0
H512_philow_rhohigh_s02,chronos-2:autogluon/chronos-2,0.276469456083826,0.37201739870258954,1.0,1024,128,5.6,3.78,0.2,0.0
H512_philow_rhohigh_s03,chronos-2:autogluon/chronos-2,0.27538754375307445,0.3684664821791433,1.0,1024,128,4.7,3.84,0.11,0.0
H512_philow_rhohigh_s04,chronos-2:autogluon/chronos-2,0.27450925124622455,0.3663520112122769,1.0,1024,128,5.7,3.85,0.11,0.0
H512_philow_rhohigh_s05,chronos-2:autogluon/chronos-2,0.2748498368388999,0.36869879659642696,1.0,1024,128,6.6,3.9,0.15,0.0
H512_philow_rhohigh_s06,chronos-2:autogluon/chronos-2,0.27599211072291074,0.3663536950889831,1.0,1024,128,5.7,3.8,0.09,0.0
H512_philow_rhohigh_s07,chronos-2:autogluon/chronos-2,0.27503725636860066,0.36476957645667896,1.0,1024,128,5.7,3.88,0.11,0.0
H512_philow_rhohigh_s08,chronos-2:autogluon/chronos-2,0.27551908066796665,0.3665146588200366,1.0,1024,128,5.8,3.85,0.15,0.0
H512_philow_rhohigh_s09,chronos-2:autogluon/chronos-2,0.2792472364825639,0.3708848257284187,1.0,1024,128,6.4,3.85,0.16,0.0
H512_philow_rhohigh_s10,chronos-2:autogluon/chronos-2,0.2776572484136166,0.3688283255406148,1.0,1024,128,7.1,4.57,0.15,0.0
H512_philow_rhohigh_s11,chronos-2:autogluon/chronos-2,0.27459411410353607,0.3672581343810977,1.0,1024,128,6.3,3.89,0.1,0.0
H512_philow_rhohigh_s12,chronos-2:autogluon/chronos-2,0.27742970595927446,0.3689907337368591,1.0,1024,128,5.7,3.81,0.13,0.0
H512_philow_rhohigh_s13,chronos-2:autogluon/chronos-2,0.27632968469337504,0.368875730274251,1.0,1024,128,5.7,3.77,0.11,0.0
H512_philow_rhohigh_s14,chronos-2:autogluon/chronos-2,0.27521559557985475,0.3667392767882677,1.0,1024,128,6.4,3.9,0.12,0.0
H512_philow_rhohigh_s15,chronos-2:autogluon/chronos-2,0.27435388327753013,0.36694438897567144,1.0,1024,128,6.8,3.87,0.88,0.0
H512_philow_rholow_s00,chronos-2:autogluon/chronos-2,0.2738621972743201,0.36599461399428074,1.0,1024,128,5.8,3.85,0.1,0.0
H512_philow_rholow_s01,chronos-2:autogluon/chronos-2,0.2762415846148609,0.3673361962420476,1.0,1024,128,4.7,3.81,0.1,0.0
H512_philow_rholow_s02,chronos-2:autogluon/chronos-2,0.276469456083826,0.37201739870258954,1.0,1024,128,5.7,3.79,0.11,0.0
H512_philow_rholow_s03,chronos-2:autogluon/chronos-2,0.27538754375307445,0.3684664821791433,1.0,1024,128,5.7,3.78,0.09,0.0
H512_philow_rholow_s04,chronos-2:autogluon/chronos-2,0.27450925124622455,0.3663520112122769,1.0,1024,128,5.7,3.86,0.09,0.0
H512_philow_rholow_s05,chronos-2:autogluon/chronos-2,0.2748498368388999,0.36869879659642696,1.0,1024,128,6.7,4.75,0.1,0.0
H512_philow_rholow_s06,chronos-2:autogluon/chronos-2,0.27599211072291074,0.3663536950889831,1.0,1024,128,5.9,3.86,0.1,0.0
H512_philow_rholow_s07,chronos-2:autogluon/chronos-2,0.27503725636860066,0.36476957645667896,1.0,1024,128,5.7,3.82,0.09,0.0
H512_philow_rholow_s08,chronos-2:autogluon/chronos-2,0.27551908066796665,0.3665146588200366,1.0,1024,128,5.7,3.75,0.09,0.0
H512_philow_rholow_s09,chronos-2:autogluon/chronos-2,0.2792472364825639,0.3708848257284187,1.0,1024,128,5.6,3.82,0.1,0.0
H512_philow_rholow_s10,chronos-2:autogluon/chronos-2,0.2776572484136166,0.3688283255406148,1.0,1024,128,6.4,3.83,0.12,0.0
H512_philow_rholow_s11,chronos-2:autogluon/chronos-2,0.27459411410353607,0.3672581343810977,1.0,1024,128,6.8,4.72,0.11,0.0
H512_philow_rholow_s12,chronos-2:autogluon/chronos-2,0.27742970595927446,0.3689907337368591,1.0,1024,128,5.8,3.84,0.09,0.0
H512_philow_rholow_s13,chronos-2:autogluon/chronos-2,0.27632968469337504,0.368875730274251,1.0,1024,128,6.2,3.74,0.1,0.0
H512_philow_rholow_s14,chronos-2:autogluon/chronos-2,0.27521559557985475,0.3667392767882677,1.0,1024,128,6.2,3.82,0.11,0.0
H512_philow_rholow_s15,chronos-2:autogluon/chronos-2,0.27435388327753013,0.36694438897567144,1.0,1024,128,6.0,3.84,0.09,0.0
H512_philow_rhomid_s00,chronos-2:autogluon/chronos-2,0.2738621972743201,0.36599461399428074,1.0,1024,128,6.7,4.65,0.1,0.0
H512_philow_rhomid_s01,chronos-2:autogluon/chronos-2,0.2762415846148609,0.3673361962420476,1.0,1024,128,5.8,3.85,0.09,0.0
H512_philow_rhomid_s02,chronos-2:autogluon/chronos-2,0.276469456083826,0.37201739870258954,1.0,1024,128,5.9,3.83,0.1,0.0
H512_philow_rhomid_s03,chronos-2:autogluon/chronos-2,0.27538754375307445,0.3684664821791433,1.0,1024,128,5.8,3.84,0.09,0.0
H512_philow_rhomid_s04,chronos-2:autogluon/chronos-2,0.27450925124622455,0.3663520112122769,1.0,1024,128,5.8,3.85,0.1,0.0
H512_philow_rhomid_s05,chronos-2:autogluon/chronos-2,0.2748498368388999,0.36869879659642696,1.0,1024,128,4.9,3.84,0.09,0.0
H512_philow_rhomid_s06,chronos-2:autogluon/chronos-2,0.27599211072291074,0.3663536950889831,1.0,1024,128,5.7,4.47,0.1,0.0
H512_philow_rhomid_s07,chronos-2:autogluon/chronos-2,0.27503725636860066,0.36476957645667896,1.0,1024,128,5.8,3.85,0.1,0.0
H512_philow_rhomid_s08,chronos-2:autogluon/chronos-2,0.27551908066796665,0.3665146588200366,1.0,1024,128,5.8,3.83,0.11,0.0
H512_philow_rhomid_s09,chronos-2:autogluon/chronos-2,0.2792472364825639,0.3708848257284187,1.0,1024,128,5.8,3.85,0.1,0.0
H512_philow_rhomid_s10,chronos-2:autogluon/chronos-2,0.2776572484136166,0.3688283255406148,1.0,1024,128,5.8,3.84,0.1,0.0
H512_philow_rhomid_s11,chronos-2:autogluon/chronos-2,0.27459411410353607,0.3672581343810977,1.0,1024,128,5.9,3.83,0.13,0.0
H512_philow_rhomid_s12,chronos-2:autogluon/chronos-2,0.27742970595927446,0.3689907337368591,1.0,1024,128,5.5,4.55,0.09,0.0
H512_philow_rhomid_s13,chronos-2:autogluon/chronos-2,0.27632968469337504,0.368875730274251,1.0,1024,128,5.8,3.84,0.1,0.0
H512_philow_rhomid_s14,chronos-2:autogluon/chronos-2,0.27521559557985475,0.3667392767882677,1.0,1024,128,5.7,3.83,0.09,0.0
H512_philow_rhomid_s15,chronos-2:autogluon/chronos-2,0.27435388327753013,0.36694438897567144,1.0,1024,128,6.2,3.83,0.1,0.0
H512_phimid_rhohigh_s00,chronos-2:autogluon/chronos-2,0.24228228950405256,0.34471327098190035,1.0,1024,128,5.6,3.85,0.09,0.0
H512_phimid_rhohigh_s01,chronos-2:autogluon/chronos-2,0.249461137654871,0.3519529388306484,1.0,1024,128,7.1,4.56,0.1,0.0
H512_phimid_rhohigh_s02,chronos-2:autogluon/chronos-2,0.2536046356251703,0.36228212884755273,0.9990234375,1024,128,5.6,3.83,0.09,0.0
H512_phimid_rhohigh_s03,chronos-2:autogluon/chronos-2,0.24834653751866295,0.35274286619190925,0.9990234375,1024,128,5.8,3.83,0.1,0.0
H512_phimid_rhohigh_s04,chronos-2:autogluon/chronos-2,0.24339878586855646,0.3427829218418261,1.0,1024,128,5.8,3.84,0.09,0.0
H512_phimid_rhohigh_s05,chronos-2:autogluon/chronos-2,0.24959049554999543,0.3541614822536172,1.0,1024,128,6.2,3.83,0.1,0.0
H512_phimid_rhohigh_s06,chronos-2:autogluon/chronos-2,0.24710189056857593,0.34847216512879603,1.0,1024,128,6.3,3.84,0.09,0.0
H512_phimid_rhohigh_s07,chronos-2:autogluon/chronos-2,0.25131269500291553,0.35288749059478947,1.0,1024,128,6.9,3.83,0.1,0.0
H512_phimid_rhohigh_s08,chronos-2:autogluon/chronos-2,0.2498082159652055,0.3528609220816663,1.0,1024,128,5.8,3.83,0.1,0.0
H512_phimid_rhohigh_s09,chronos-2:autogluon/chronos-2,0.25216941513233315,0.3557643228648797,1.0,1024,128,5.2,3.85,0.09,0.0
H512_phimid_rhohigh_s10,chronos-2:autogluon/chronos-2,0.24589980284259663,0.34704527827026255,1.0,1024,128,5.6,3.97,0.12,0.0
H512_phimid_rhohigh_s11,chronos-2:autogluon/chronos-2,0.2416084898661755,0.3422681378549187,1.0,1024,128,4.9,3.84,0.09,0.0
H512_phimid_rhohigh_s12,chronos-2:autogluon/chronos-2,0.2491496859439664,0.3515176587559845,1.0,1024,128,6.4,3.84,0.1,0.0
H512_phimid_rhohigh_s13,chronos-2:autogluon/chronos-2,0.24393564941426987,0.34586556755807313,1.0,1024,128,6.7,3.83,0.09,0.0
H512_phimid_rhohigh_s14,chronos-2:autogluon/chronos-2,0.24744381928198408,0.3481440369567982,1.0,1024,128,5.5,3.84,0.1,0.0
H512_phimid_rhohigh_s15,chronos-2:autogluon/chronos-2,0.24704259156702785,0.34918804713489593,1.0,1024,128,5.8,3.85,0.1,0.0
H512_phimid_rholow_s00,chronos-2:autogluon/chronos-2,0.23470446030818093,0.3330945744414773,1.0,1024,128,5.8,3.84,0.1,0.0
H512_phimid_rholow_s01,chronos-2:autogluon/chronos-2,0.23580217027567185,0.33259978421724584,1.0,1024,128,5.0,3.86,0.1,0.0
H512_phimid_rholow_s02,chronos-2:autogluon/chronos-2,0.23866830348582502,0.34128552672887075,1.0,1024,128,6.8,4.56,0.15,0.0
H512_phimid_rholow_s03,chronos-2:autogluon/chronos-2,0.23717371323274783,0.33648404956914435,1.0,1024,128,5.5,3.83,0.1,0.0
H512_phimid_rholow_s04,chronos-2:autogluon/chronos-2,0.23399121295285846,0.3319987896741101,1.0,1024,128,6.1,3.84,0.11,0.0
H512_phimid_rholow_s05,chronos-2:autogluon/chronos-2,0.23611828159162973,0.3355029094507388,1.0,1024,128,6.1,3.84,0.1,0.0
H512_phimid_rholow_s06,chronos-2:autogluon/chronos-2,0.23666553630615259,0.3336835971591319,1.0,1024,128,6.2,3.85,0.09,0.0
H512_phimid_rholow_s07,chronos-2:autogluon/chronos-2,0.23448058308336922,0.3305667198125789,1.0,1024,128,6.2,3.86,0.11,0.0
H512_phimid_rholow_s08,chronos-2:autogluon/chronos-2,0.2355431585995593,0.3322132463180882,1.0,1024,128,6.7,3.91,0.11,0.0
H512_phimid_rholow_s09,chronos-2:autogluon/chronos-2,0.23998331030182296,0.3381259824746612,1.0,1024,128,4.5,3.78,0.13,0.0
H512_phimid_rholow_s10,chronos-2:autogluon/chronos-2,0.23847710955426665,0.3363125843233645,1.0,1024,128,6.3,3.77,0.14,0.0
H512_phimid_rholow_s11,chronos-2:autogluon/chronos-2,0.23670770999895224,0.3360142583219305,1.0,1024,128,5.8,3.78,0.11,0.0
H512_phimid_rholow_s12,chronos-2:autogluon/chronos-2,0.23979046176653143,0.33795997251878857,1.0,1024,128,5.7,3.77,0.09,0.0
H512_phimid_rholow_s13,chronos-2:autogluon/chronos-2,0.2383598305861123,0.33678115421011745,1.0,1024,128,5.2,3.79,0.13,0.0
H512_phimid_rholow_s14,chronos-2:autogluon/chronos-2,0.23789645076078114,0.3360314633261572,1.0,1024,128,6.1,3.79,0.12,0.0
H512_phimid_rholow_s15,chronos-2:autogluon/chronos-2,0.23607637968855333,0.33488548657099504,1.0,1024,128,5.5,3.78,0.09,0.0
H512_phimid_rhomid_s00,chronos-2:autogluon/chronos-2,0.2512761661500964,0.35724182671215304,1.0,1024,128,5.6,3.78,0.09,0.0
H512_phimid_rhomid_s01,chronos-2:autogluon/chronos-2,0.25416996254706026,0.35826987306011004,1.0,1024,128,5.1,3.84,0.1,0.0
H512_phimid_rhomid_s02,chronos-2:autogluon/chronos-2,0.25491992525500523,0.3648390621705577,1.0,1024,128,5.8,3.79,0.09,0.0
H512_phimid_rhomid_s03,chronos-2:autogluon/chronos-2,0.24973104120859801,0.35483674064357384,1.0,1024,128,6.5,4.5,0.09,0.0
H512_phimid_rhomid_s04,chronos-2:autogluon/chronos-2,0.2541716722796383,0.3606622774800326,1.0,1024,128,5.4,3.76,0.09,0.0
H512_phimid_rhomid_s05,chronos-2:autogluon/chronos-2,0.24799020059655538,0.3528099978462811,1.0,1024,128,5.9,3.77,0.09,0.0
H512_phimid_rhomid_s06,chronos-2:autogluon/chronos-2,0.25187997408022056,0.3544054586042922,1.0,1024,128,5.8,3.79,0.1,0.0
H512_phimid_rhomid_s07,chronos-2:autogluon/chronos-2,0.2522182730068445,0.3552696824962164,1.0,1024,128,5.6,3.8,0.09,0.0
H512_phimid_rhomid_s08,chronos-2:autogluon/chronos-2,0.2534695338645506,0.35817993612828936,1.0,1024,128,6.2,3.77,0.09,0.0
H512_phimid_rhomid_s09,chronos-2:autogluon/chronos-2,0.255720430411634,0.3601984102165219,1.0,1024,128,6.6,4.53,0.09,0.0
H512_phimid_rhomid_s10,chronos-2:autogluon/chronos-2,0.250381228222267,0.35309826904053215,1.0,1024,128,4.6,3.82,0.09,0.0
H512_phimid_rhomid_s11,chronos-2:autogluon/chronos-2,0.2510308413941289,0.35742310234593366,1.0,1024,128,6.0,3.77,0.12,0.0
H512_phimid_rhomid_s12,chronos-2:autogluon/chronos-2,0.25252554129574545,0.356582428103435,1.0,1024,128,5.9,3.78,0.1,0.0
H512_phimid_rhomid_s13,chronos-2:autogluon/chronos-2,0.25147522408342626,0.3557597632504562,1.0,1024,128,5.7,3.77,0.1,0.0
H512_phimid_rhomid_s14,chronos-2:autogluon/chronos-2,0.24910754584068692,0.35167033036620243,1.0,1024,128,4.7,3.78,0.09,0.0
H512_phimid_rhomid_s15,chronos-2:autogluon/chronos-2,0.2533118224536639,0.3598388244456176,1.0,1024,128,6.3,4.53,0.1,0.0
