task,target,horizon,seasonality,num_windows,subset,elapsed_s,model_name,dataset_path,dataset_config,initial_cutoff,window_step_size,min_context_length,max_context_length,eval_metric,extra_metrics,quantile_levels,id_column,timestamp_column,generate_univariate_targets_from,known_dynamic_columns,past_dynamic_columns,static_columns,task_name,test_error,training_time_s,inference_time_s,num_forecasts,dataset_fingerprint,trained_on_this_dataset,fev_version,SQL,MASE,WAPE,WQL,coe_mau_repeat1_count,coe_mau_repeat1_sum,coe_mau_repeat1_sum_sq,coe_mau_repeat1_min,coe_mau_repeat1_max,coe_mau_repeat2_count,coe_mau_repeat2_sum,coe_mau_repeat2_sum_sq,coe_mau_repeat2_min,coe_mau_repeat2_max,coe_repeat1_mauhist_under,coe_repeat1_mauhist_over,coe_repeat1_mauhist_nan,coe_repeat1_mauhist_b00,coe_repeat1_mauhist_b01,coe_repeat1_mauhist_b02,coe_repeat1_mauhist_b03,coe_repeat1_mauhist_b04,coe_repeat1_mauhist_b05,coe_repeat1_mauhist_b06,coe_repeat1_mauhist_b07,coe_repeat1_mauhist_b08,coe_repeat1_mauhist_b09,coe_repeat1_mauhist_b10,coe_repeat1_mauhist_b11,coe_repeat1_mauhist_b12,coe_repeat1_mauhist_b13,coe_repeat1_mauhist_b14,coe_repeat1_mauhist_b15,coe_repeat1_mauhist_b16,coe_repeat1_mauhist_b17,coe_repeat1_mauhist_b18,coe_repeat1_mauhist_b19,coe_repeat1_mauhist_b20,coe_repeat1_mauhist_b21,coe_repeat1_mauhist_b22,coe_repeat1_mauhist_b23,coe_repeat1_mauhist_b24,coe_repeat1_mauhist_b25,coe_repeat1_mauhist_b26,coe_repeat1_mauhist_b27,coe_repeat2_mauhist_under,coe_repeat2_mauhist_over,coe_repeat2_mauhist_nan,coe_repeat2_mauhist_b00,coe_repeat2_mauhist_b01,coe_repeat2_mauhist_b02,coe_repeat2_mauhist_b03,coe_repeat2_mauhist_b04,coe_repeat2_mauhist_b05,coe_repeat2_mauhist_b06,coe_repeat2_mauhist_b07,coe_repeat2_mauhist_b08,coe_repeat2_mauhist_b09,coe_repeat2_mauhist_b10,coe_repeat2_mauhist_b11,coe_repeat2_mauhist_b12,coe_repeat2_mauhist_b13,coe_repeat2_mauhist_b14,coe_repeat2_mauhist_b15,coe_repeat2_mauhist_b16,coe_repeat2_mauhist_b17,coe_repeat2_mauhist_b18,coe_repeat2_mauhist_b19,coe_repeat2_mauhist_b20,coe_repeat2_mauhist_b21,coe_repeat2_mauhist_b22,coe_repeat2_mauhist_b23,coe_repeat2_mauhist_b24,coe_repeat2_mauhist_b25,coe_repeat2_mauhist_b26,coe_repeat2_mauhist_b27,coe_es_0p05_depth_sum,coe_es_0p05_depth_n,coe_es_0p01_depth_sum,coe_es_0p01_depth_n,coe_es_0p001_depth_sum,coe_es_0p001_depth_n,coe_es_0p05_depth,coe_es_0p01_depth,coe_es_0p001_depth,coe_es_0p05_MASE,coe_es_0p05_SQL,coe_es_0p05_WQL,coe_es_0p01_MASE,coe_es_0p01_SQL,coe_es_0p01_WQL,coe_es_0p001_MASE,coe_es_0p001_SQL,coe_es_0p001_WQL,repeat1_MASE,repeat1_SQL,repeat1_WQL,repeat2_MASE,repeat2_SQL,repeat2_WQL
proenfo_gfc12,target,168,24,10,covariate,2.5,eo:model-step=010400-wql=0.2141-mase=0.9670-composite=0.5152,/group-volume/ts-dataset/benchmarks/fev_bench/proenfo_gfc12/*.parquet,proenfo_gfc12,-1680,168,1,,SQL,"['MASE', {'name': 'WAPE', 'epsilon': 1.0}, {'name': 'WQL', 'epsilon': 1.0}]","[0.1, 0.2, 0.3, 0.4, 0.5, 0.6, 0.7, 0.8, 0.9]",id,timestamp,,['airtemperature'],[],[],proenfo_gfc12,0.9441512377431789,,2.483474016189575,110,7c9ee0786e7de9fc,False,0.8.0,0.9441512377431789,1.1644089206863257,0.0999621479501459,0.08108637809152787,110.0,76.96769943833351,57.83750992961317,3.4176549911499023,8.453129768371582,110.0,17.963682509958744,3.1033363817202506,1.1010175123810768,2.06795009970665,0.0,0.0,0.0,0.0,0.0,0.0,0.0,0.0,0.0,0.0,0.0,0.0,0.0,0.0,0.0,0.0,0.0,0.0,0.0,0.0,5.0,27.0,70.0,8.0,0.0,0.0,0.0,0.0,0.0,0.0,0.0,0.0,0.0,0.0,0.0,0.0,0.0,0.0,0.0,0.0,0.0,0.0,0.0,0.0,0.0,0.0,0.0,0.0,0.0,6.0,61.0,43.0,0.0,0.0,0.0,0.0,0.0,0.0,0.0,0.0,0.0,0.0,220.0,110.0,220.0,110.0,220.0,110.0,2.0,2.0,2.0,1.1644089206863257,0.9441512377431789,0.08108637809152787,1.1644089206863257,0.9441512377431789,0.08108637809152787,1.1644089206863257,0.9441512377431789,0.08108637809152787,1.1844969273421122,0.9580254815477595,0.08417027050053724,1.1644089206863257,0.9441512377431789,0.08108637809152787
proenfo_gfc14,target,168,24,20,covariate,1.2,eo:model-step=010400-wql=0.2141-mase=0.9670-composite=0.5152,/group-volume/ts-dataset/benchmarks/fev_bench/proenfo_gfc14/*.parquet,proenfo_gfc14,-3360,168,1,,SQL,"['MASE', {'name': 'WAPE', 'epsilon': 1.0}, {'name': 'WQL', 'epsilon': 1.0}]","[0.1, 0.2, 0.3, 0.4, 0.5, 0.6, 0.7, 0.8, 0.9]",id,timestamp,,['airtemperature'],[],[],proenfo_gfc14,1.0634391404954031,,1.2245495319366455,20,eb4b54a1ec3114bf,False,0.8.0,1.0634391404954031,1.3810765993877476,0.06818691887083876,0.05245940011772723,20.0,15.102728486061096,11.555524151828777,15.102728486061096,15.102728486061096,20.0,2.100551515817642,0.23796849247570762,2.100551515817642,2.100551515817642,0.0,0.0,0.0,0.0,0.0,0.0,0.0,0.0,0.0,0.0,0.0,0.0,0.0,0.0,0.0,0.0,0.0,0.0,0.0,0.0,0.0,0.0,20.0,0.0,0.0,0.0,0.0,0.0,0.0,0.0,0.0,0.0,0.0,0.0,0.0,0.0,0.0,0.0,0.0,0.0,0.0,0.0,0.0,0.0,0.0,0.0,0.0,0.0,0.0,10.0,10.0,0.0,0.0,0.0,0.0,0.0,0.0,0.0,0.0,0.0,0.0,0.0,40.0,20.0,40.0,20.0,40.0,20.0,2.0,2.0,2.0,1.3810765993877476,1.0634391404954031,0.05245940011772723,1.3810765993877476,1.0634391404954031,0.05245940011772723,1.3810765993877476,1.0634391404954031,0.05245940011772723,1.4646180377442266,1.1115600132246752,0.054805278382175436,1.3810765993877476,1.0634391404954031,0.05245940011772723
proenfo_gfc17,target,168,24,20,covariate,2.7,eo:model-step=010400-wql=0.2141-mase=0.9670-composite=0.5152,/group-volume/ts-dataset/benchmarks/fev_bench/proenfo_gfc17/*.parquet,proenfo_gfc17,-3360,168,1,,SQL,"['MASE', {'name': 'WAPE', 'epsilon': 1.0}, {'name': 'WQL', 'epsilon': 1.0}]","[0.1, 0.2, 0.3, 0.4, 0.5, 0.6, 0.7, 0.8, 0.9]",id,timestamp,,['airtemperature'],[],[],proenfo_gfc17,0.9765301732112819,,2.681144952774048,160,2c63b48ca8f6dd9a,False,0.8.0,0.9765301732112819,1.2622741172328742,0.0843757738596317,0.06512057885379217,160.0,112.90312284231186,80.6512625209574,13.079746425151825,15.61596828699112,160.0,18.340226590633392,2.2538153168920863,1.7527951896190643,3.1099554672837257,0.0,0.0,0.0,0.0,0.0,0.0,0.0,0.0,0.0,0.0,0.0,0.0,0.0,0.0,0.0,0.0,0.0,0.0,0.0,0.0,0.0,5.0,154.0,1.0,0.0,0.0,0.0,0.0,0.0,0.0,0.0,0.0,0.0,0.0,0.0,0.0,0.0,0.0,0.0,0.0,0.0,0.0,0.0,0.0,0.0,0.0,0.0,0.0,0.0,65.0,89.0,6.0,0.0,0.0,0.0,0.0,0.0,0.0,0.0,0.0,0.0,0.0,320.0,160.0,320.0,160.0,320.0,160.0,2.0,2.0,2.0,1.2622741172328742,0.9765301732112819,0.06512057885379217,1.2622741172328742,0.9765301732112819,0.06512057885379217,1.2622741172328742,0.9765301732112819,0.06512057885379217,1.335701014380795,1.01320363543837,0.06755103660940343,1.2622741172328742,0.9765301732112819,0.06512057885379217
rohlik_sales_1D,sales,14,7,1,covariate,184.5,eo:model-step=010400-wql=0.2141-mase=0.9670-composite=0.5152,/group-volume/ts-dataset/benchmarks/fev_bench/rohlik_sales/1D/*.parquet,rohlik_sales_1D,2023-12-15T00:00:00,14,14,,SQL,"['MASE', {'name': 'WAPE', 'epsilon': 1.0}, {'name': 'WQL', 'epsilon': 1.0}]","[0.1, 0.2, 0.3, 0.4, 0.5, 0.6, 0.7, 0.8, 0.9]",id,timestamp,,"['holiday', 'school_holidays', 'sell_price_main', 'shops_closed', 'total_orders', 'type_0_discount', 'type_1_discount', 'type_2_discount', 'type_3_discount', 'type_4_discount', 'type_5_discount', 'type_6_discount', 'winter_school_holidays']",['availability'],"['L1_category_name_en', 'L2_category_name_en', 'L3_category_name_en', 'L4_category_name_en', 'name', 'product_unique_id', 'warehouse']",rohlik_sales_1D,1.3097778522170438,,184.46028208732605,4116,c475daf9af96ed16,False,0.8.0,1.3097778522170438,1.557820846608745,0.42159576452210495,0.3518201448592094,4116.0,2432.845944551751,2219.8612800064843,0.021234169602394104,2.561548948287964,4116.0,482.4350469755009,89.94730446579138,0.012976030819118023,0.6720392107963562,0.0,0.0,0.0,0.0,0.0,0.0,0.0,0.0,0.0,0.0,0.0,0.0,0.0,0.0,0.0,0.0,10.0,95.0,241.0,385.0,641.0,932.0,1071.0,693.0,48.0,0.0,0.0,0.0,0.0,0.0,0.0,0.0,0.0,0.0,0.0,0.0,0.0,0.0,0.0,0.0,0.0,0.0,0.0,0.0,0.0,0.0,26.0,438.0,869.0,886.0,996.0,752.0,145.0,4.0,0.0,0.0,0.0,0.0,0.0,0.0,0.0,0.0,8155.0,4116.0,8232.0,4116.0,8232.0,4116.0,1.9812925170068028,2.0,2.0,1.5577666922920361,1.3097499226678442,0.3518214809883383,1.557820846608745,1.3097778522170438,0.3518201448592094,1.557820846608745,1.3097778522170438,0.3518201448592094,1.5952068008291151,1.3239831647442235,0.3550556701420855,1.557820846608745,1.3097778522170438,0.3518201448592094
rohlik_orders_1D,orders,61,7,5,covariate,2.0,eo:model-step=010400-wql=0.2141-mase=0.9670-composite=0.5152,/group-volume/ts-dataset/benchmarks/fev_bench/rohlik_orders/1D/*.parquet,rohlik_orders_1D,2023-05-01T00:00:00,61,1,,SQL,"['MASE', {'name': 'WAPE', 'epsilon': 1.0}, {'name': 'WQL', 'epsilon': 1.0}]","[0.1, 0.2, 0.3, 0.4, 0.5, 0.6, 0.7, 0.8, 0.9]",id,timestamp,,"['holiday', 'school_holidays', 'shops_closed', 'winter_school_holidays']","['blackout', 'frankfurt_shutdown', 'mini_shutdown', 'mov_change', 'precipitation', 'shutdown', 'snow', 'user_activity_1', 'user_activity_2']",[],rohlik_orders_1D,1.8593882711560485,,2.017987012863159,35,1774b84125cff789,False,0.8.0,1.8593882711560485,2.3629013088010034,0.09421050164021813,0.07614429374959922,35.0,20.14802273362875,17.93661456465003,1.1831152215600014,3.7266663908958435,35.0,3.2271903324872255,0.35197987723609614,0.23180639743804932,0.6691863834857941,0.0,0.0,0.0,0.0,0.0,0.0,0.0,0.0,0.0,0.0,0.0,0.0,0.0,0.0,0.0,0.0,0.0,0.0,0.0,7.0,8.0,5.0,5.0,10.0,0.0,0.0,0.0,0.0,0.0,0.0,0.0,0.0,0.0,0.0,0.0,0.0,0.0,0.0,0.0,0.0,0.0,0.0,0.0,0.0,0.0,0.0,0.0,2.0,7.0,13.0,13.0,0.0,0.0,0.0,0.0,0.0,0.0,0.0,0.0,0.0,0.0,0.0,70.0,35.0,70.0,35.0,70.0,35.0,2.0,2.0,2.0,2.3629013088010034,1.8593882711560485,0.07614429374959922,2.3629013088010034,1.8593882711560485,0.07614429374959922,2.3629013088010034,1.8593882711560485,0.07614429374959922,2.2550949439226597,1.8046140168895402,0.07408888264643711,2.3629013088010034,1.8593882711560485,0.07614429374959922
rohlik_sales_1W,sales,8,1,1,covariate,60.3,eo:model-step=010400-wql=0.2141-mase=0.9670-composite=0.5152,/group-volume/ts-dataset/benchmarks/fev_bench/rohlik_sales/1W/*.parquet,rohlik_sales_1W,2023-12-15T00:00:00,8,8,,SQL,"['MASE', {'name': 'WAPE', 'epsilon': 1.0}, {'name': 'WQL', 'epsilon': 1.0}]","[0.1, 0.2, 0.3, 0.4, 0.5, 0.6, 0.7, 0.8, 0.9]",id,timestamp,,"['holiday', 'school_holidays', 'sell_price_main', 'shops_closed', 'total_orders', 'type_0_discount', 'type_1_discount', 'type_2_discount', 'type_3_discount', 'type_4_discount', 'type_5_discount', 'type_6_discount', 'winter_school_holidays']",['availability'],"['L1_category_name_en', 'L2_category_name_en', 'L3_category_name_en', 'L4_category_name_en', 'name', 'product_unique_id', 'warehouse']",rohlik_sales_1W,1.7050846229440149,,60.323522090911865,3942,09041d7a8a29c83f,False,0.8.0,1.7050846229440149,2.058287507969319,0.31894455937852423,0.2606130442610378,3942.0,2113.514143431559,1752.7335336601332,0.021957170218229294,2.082428455352783,3942.0,574.2349605802447,138.677077178072,0.015222515910863876,0.7625678777694702,0.0,0.0,0.0,0.0,0.0,0.0,0.0,0.0,0.0,0.0,0.0,0.0,0.0,0.0,0.0,0.0,4.0,50.0,151.0,439.0,875.0,968.0,874.0,562.0,19.0,0.0,0.0,0.0,0.0,0.0,0.0,0.0,0.0,0.0,0.0,0.0,0.0,0.0,0.0,0.0,0.0,0.0,0.0,0.0,0.0,0.0,10.0,189.0,773.0,932.0,846.0,804.0,364.0,24.0,0.0,0.0,0.0,0.0,0.0,0.0,0.0,0.0,7840.0,3942.0,7884.0,3942.0,7884.0,3942.0,1.9888381532217148,2.0,2.0,2.0582433103139013,1.7051165617156363,0.2606218366744104,2.058287507969319,1.7050846229440149,0.2606130442610378,2.058287507969319,1.7050846229440149,0.2606130442610378,2.086732774108954,1.7237511743692413,0.2606633611392604,2.058287507969319,1.7050846229440149,0.2606130442610378
rohlik_orders_1W,orders,8,1,5,covariate,1.2,eo:model-step=010400-wql=0.2141-mase=0.9670-composite=0.5152,/group-volume/ts-dataset/benchmarks/fev_bench/rohlik_orders/1W/*.parquet,rohlik_orders_1W,2023-05-01T00:00:00,8,1,,SQL,"['MASE', {'name': 'WAPE', 'epsilon': 1.0}, {'name': 'WQL', 'epsilon': 1.0}]","[0.1, 0.2, 0.3, 0.4, 0.5, 0.6, 0.7, 0.8, 0.9]",id,timestamp,,"['holiday', 'school_holidays', 'shops_closed', 'winter_school_holidays']","['blackout', 'frankfurt_shutdown', 'mini_shutdown', 'mov_change', 'precipitation', 'shutdown', 'snow', 'user_activity_1', 'user_activity_2']",[],rohlik_orders_1W,1.92766072920992,,1.2119154930114746,35,bbb0372c6d5883ab,False,0.8.0,1.92766072920992,2.3370535630663043,0.07598831128873332,0.062423731630420864,35.0,25.31625286489725,25.91472676518633,2.7036676481366158,4.648814141750336,35.0,5.443439487367868,1.1349846076463903,0.4063391909003258,1.231217846274376,0.0,0.0,0.0,0.0,0.0,0.0,0.0,0.0,0.0,0.0,0.0,0.0,0.0,0.0,0.0,0.0,0.0,0.0,0.0,2.0,8.0,7.0,8.0,10.0,0.0,0.0,0.0,0.0,0.0,0.0,0.0,0.0,0.0,0.0,0.0,0.0,0.0,0.0,0.0,0.0,0.0,0.0,0.0,0.0,0.0,0.0,0.0,0.0,3.0,9.0,10.0,10.0,3.0,0.0,0.0,0.0,0.0,0.0,0.0,0.0,0.0,0.0,70.0,35.0,70.0,35.0,70.0,35.0,2.0,2.0,2.0,2.3370535630663043,1.92766072920992,0.062423731630420864,2.3370535630663043,1.92766072920992,0.062423731630420864,2.3370535630663043,1.92766072920992,0.062423731630420864,1.9611343045863385,1.629305174904196,0.052906583572018454,2.3370535630663043,1.92766072920992,0.062423731630420864
entsoe_15T,target,96,96,20,covariate,3.6,eo:model-step=010400-wql=0.2141-mase=0.9670-composite=0.5152,/group-volume/ts-dataset/benchmarks/fev_bench/entsoe/15T/*.parquet,entsoe_15T,-1920,96,1,,SQL,"['MASE', {'name': 'WAPE', 'epsilon': 1.0}, {'name': 'WQL', 'epsilon': 1.0}]","[0.1, 0.2, 0.3, 0.4, 0.5, 0.6, 0.7, 0.8, 0.9]",id,timestamp,,"['radiation_diffuse_horizontal', 'radiation_direct_horizontal', 'temperature']",[],[],entsoe_15T,0.9074434698967169,,3.6443653106689453,120,4e80c208c8b54e76,False,0.8.0,0.9074434698967169,1.1536553019808922,0.09165975251332305,0.07172356625609003,120.0,76.93700641393661,51.371781176928096,10.318922877311707,15.443423300981522,120.0,18.200462069362402,3.101113942205819,2.0891901440918446,4.259527087211609,0.0,0.0,0.0,0.0,0.0,0.0,0.0,0.0,0.0,0.0,0.0,0.0,0.0,0.0,0.0,0.0,0.0,0.0,0.0,0.0,2.0,31.0,85.0,2.0,0.0,0.0,0.0,0.0,0.0,0.0,0.0,0.0,0.0,0.0,0.0,0.0,0.0,0.0,0.0,0.0,0.0,0.0,0.0,0.0,0.0,0.0,0.0,0.0,1.0,16.0,72.0,28.0,3.0,0.0,0.0,0.0,0.0,0.0,0.0,0.0,0.0,0.0,240.0,120.0,240.0,120.0,240.0,120.0,2.0,2.0,2.0,1.1536553019808922,0.9074434698967169,0.07172356625609003,1.1536553019808922,0.9074434698967169,0.07172356625609003,1.1536553019808922,0.9074434698967169,0.07172356625609003,1.1773026766784445,0.9420830818713275,0.07495635178565305,1.1536553019808922,0.9074434698967169,0.07172356625609003
entsoe_30T,target,96,48,20,covariate,3.5,eo:model-step=010400-wql=0.2141-mase=0.9670-composite=0.5152,/group-volume/ts-dataset/benchmarks/fev_bench/entsoe/30T/*.parquet,entsoe_30T,-1920,96,1,,SQL,"['MASE', {'name': 'WAPE', 'epsilon': 1.0}, {'name': 'WQL', 'epsilon': 1.0}]","[0.1, 0.2, 0.3, 0.4, 0.5, 0.6, 0.7, 0.8, 0.9]",id,timestamp,,"['radiation_diffuse_horizontal', 'radiation_direct_horizontal', 'temperature']",[],[],entsoe_30T,0.9428029018991209,,3.498929500579834,120,7a3623a47fa39853,False,0.8.0,0.9428029018991209,1.1841822758702396,0.08549184097670874,0.06842090619376512,120.0,83.44015190005302,59.79866371232187,11.432672321796417,16.363805174827576,120.0,19.849475622177124,3.5070151407338424,2.311392195522785,4.324976772069931,0.0,0.0,0.0,0.0,0.0,0.0,0.0,0.0,0.0,0.0,0.0,0.0,0.0,0.0,0.0,0.0,0.0,0.0,0.0,0.0,0.0,16.0,103.0,1.0,0.0,0.0,0.0,0.0,0.0,0.0,0.0,0.0,0.0,0.0,0.0,0.0,0.0,0.0,0.0,0.0,0.0,0.0,0.0,0.0,0.0,0.0,0.0,0.0,0.0,4.0,70.0,46.0,0.0,0.0,0.0,0.0,0.0,0.0,0.0,0.0,0.0,0.0,240.0,120.0,240.0,120.0,240.0,120.0,2.0,2.0,2.0,1.1841822758702396,0.9428029018991209,0.06842090619376512,1.1841822758702396,0.9428029018991209,0.06842090619376512,1.1841822758702396,0.9428029018991209,0.06842090619376512,1.1520155257143156,0.9220205443697946,0.06612515713378178,1.1841822758702396,0.9428029018991209,0.06842090619376512
entsoe_1H,target,168,24,20,covariate,3.4,eo:model-step=010400-wql=0.2141-mase=0.9670-composite=0.5152,/group-volume/ts-dataset/benchmarks/fev_bench/entsoe/1H/*.parquet,entsoe_1H,-3360,168,1,,SQL,"['MASE', {'name': 'WAPE', 'epsilon': 1.0}, {'name': 'WQL', 'epsilon': 1.0}]","[0.1, 0.2, 0.3, 0.4, 0.5, 0.6, 0.7, 0.8, 0.9]",id,timestamp,,"['radiation_diffuse_horizontal', 'radiation_direct_horizontal', 'temperature']",[],[],entsoe_1H,0.7810679144888325,,3.416306495666504,120,a900217b9207dc1a,False,0.8.0,0.7810679144888325,0.9725210666717651,0.06813969154396246,0.05497334275278829,120.0,91.18139052391052,70.09844101850618,13.04948765039444,16.810854494571686,120.0,16.161766543984413,2.2557102509557105,2.2356281876564026,3.329526335000992,0.0,0.0,0.0,0.0,0.0,0.0,0.0,0.0,0.0,0.0,0.0,0.0,0.0,0.0,0.0,0.0,0.0,0.0,0.0,0.0,0.0,2.0,118.0,0.0,0.0,0.0,0.0,0.0,0.0,0.0,0.0,0.0,0.0,0.0,0.0,0.0,0.0,0.0,0.0,0.0,0.0,0.0,0.0,0.0,0.0,0.0,0.0,0.0,0.0,4.0,108.0,8.0,0.0,0.0,0.0,0.0,0.0,0.0,0.0,0.0,0.0,0.0,240.0,120.0,240.0,120.0,240.0,120.0,2.0,2.0,2.0,0.9725210666717651,0.7810679144888325,0.05497334275278829,0.9725210666717651,0.7810679144888325,0.05497334275278829,0.9725210666717651,0.7810679144888325,0.05497334275278829,1.055393391980418,0.8408132127343299,0.059636882921435874,0.9725210666717651,0.7810679144888325,0.05497334275278829
epf_be,target,24,24,20,covariate,1.3,eo:model-step=010400-wql=0.2141-mase=0.9670-composite=0.5152,/group-volume/ts-dataset/benchmarks/fev_bench/epf_be/*.parquet,epf_be,-480,24,1,,SQL,"['MASE', {'name': 'WAPE', 'epsilon': 1.0}, {'name': 'WQL', 'epsilon': 1.0}]","[0.1, 0.2, 0.3, 0.4, 0.5, 0.6, 0.7, 0.8, 0.9]",id,timestamp,,"['Generation forecast', 'System load forecast']",[],[],epf_be,0.8286517910169655,,1.2718346118927002,20,fef9300bbbbc0b06,False,0.8.0,0.8286517910169655,1.0485824114476645,0.19194218813359534,0.15082265016013524,20.0,5.881781257688999,2.1079324493516793,5.881781257688999,5.881781257688999,20.0,1.539746217429638,0.14011468648988232,1.539746217429638,1.539746217429638,0.0,0.0,0.0,0.0,0.0,0.0,0.0,0.0,0.0,0.0,0.0,0.0,0.0,0.0,0.0,0.0,0.0,0.0,0.0,5.0,9.0,4.0,2.0,0.0,0.0,0.0,0.0,0.0,0.0,0.0,0.0,0.0,0.0,0.0,0.0,0.0,0.0,0.0,0.0,0.0,0.0,0.0,0.0,0.0,0.0,0.0,0.0,0.0,6.0,10.0,4.0,0.0,0.0,0.0,0.0,0.0,0.0,0.0,0.0,0.0,0.0,0.0,40.0,20.0,40.0,20.0,40.0,20.0,2.0,2.0,2.0,1.0485824114476645,0.8286517910169655,0.15082265016013524,1.0485824114476645,0.8286517910169655,0.15082265016013524,1.0485824114476645,0.8286517910169655,0.15082265016013524,1.0061279469945714,0.8201687057942912,0.14662113907995838,1.0485824114476645,0.8286517910169655,0.15082265016013524
epf_de,target,24,24,20,covariate,1.3,eo:model-step=010400-wql=0.2141-mase=0.9670-composite=0.5152,/group-volume/ts-dataset/benchmarks/fev_bench/epf_de/*.parquet,epf_de,-480,24,1,,SQL,"['MASE', {'name': 'WAPE', 'epsilon': 1.0}, {'name': 'WQL', 'epsilon': 1.0}]","[0.1, 0.2, 0.3, 0.4, 0.5, 0.6, 0.7, 0.8, 0.9]",id,timestamp,,"['Ampirion Load Forecast', 'PV+Wind Forecast']",[],[],epf_de,1.0980885066359982,,1.2776868343353271,20,b0b822e47c7608d3,False,0.8.0,1.0980885066359982,1.4288042790224498,0.6310182656780537,0.4731174627211029,20.0,12.01072582602501,9.454002944033252,12.01072582602501,12.01072582602501,20.0,2.5539290346205235,0.4449441759058258,2.5539290346205235,2.5539290346205235,0.0,0.0,0.0,0.0,0.0,0.0,0.0,0.0,0.0,0.0,0.0,0.0,0.0,0.0,0.0,0.0,0.0,0.0,0.0,0.0,5.0,8.0,4.0,3.0,0.0,0.0,0.0,0.0,0.0,0.0,0.0,0.0,0.0,0.0,0.0,0.0,0.0,0.0,0.0,0.0,0.0,0.0,0.0,0.0,0.0,0.0,0.0,0.0,4.0,6.0,5.0,5.0,0.0,0.0,0.0,0.0,0.0,0.0,0.0,0.0,0.0,0.0,40.0,20.0,40.0,20.0,40.0,20.0,2.0,2.0,2.0,1.4288042790224498,1.0980885066359982,0.4731174627211029,1.4288042790224498,1.0980885066359982,0.4731174627211029,1.4288042790224498,1.0980885066359982,0.4731174627211029,1.4145716258786483,1.0900445291617618,0.4512404455294196,1.4288042790224498,1.0980885066359982,0.4731174627211029
epf_fr,target,24,24,20,covariate,1.3,eo:model-step=010400-wql=0.2141-mase=0.9670-composite=0.5152,/group-volume/ts-dataset/benchmarks/fev_bench/epf_fr/*.parquet,epf_fr,-480,24,1,,SQL,"['MASE', {'name': 'WAPE', 'epsilon': 1.0}, {'name': 'WQL', 'epsilon': 1.0}]","[0.1, 0.2, 0.3, 0.4, 0.5, 0.6, 0.7, 0.8, 0.9]",id,timestamp,,"['Generation forecast', 'System load forecast']",[],[],epf_fr,0.7279785041584721,,1.2686843872070312,20,8f5f11f4c654e31f,False,0.8.0,0.7279785041584721,0.910743277686815,0.1387688903779455,0.11132974977154989,20.0,4.1840009316802025,1.098411319154725,4.1840009316802025,4.1840009316802025,20.0,1.259895671159029,0.09345293884480944,1.259895671159029,1.259895671159029,0.0,0.0,0.0,0.0,0.0,0.0,0.0,0.0,0.0,0.0,0.0,0.0,0.0,0.0,0.0,0.0,0.0,0.0,2.0,8.0,8.0,2.0,0.0,0.0,0.0,0.0,0.0,0.0,0.0,0.0,0.0,0.0,0.0,0.0,0.0,0.0,0.0,0.0,0.0,0.0,0.0,0.0,0.0,0.0,0.0,0.0,0.0,0.0,10.0,9.0,1.0,0.0,0.0,0.0,0.0,0.0,0.0,0.0,0.0,0.0,0.0,0.0,40.0,20.0,40.0,20.0,40.0,20.0,2.0,2.0,2.0,0.910743277686815,0.7279785041584721,0.11132974977154989,0.910743277686815,0.7279785041584721,0.11132974977154989,0.910743277686815,0.7279785041584721,0.11132974977154989,0.9007219311077597,0.7303175450461099,0.10979738024731223,0.910743277686815,0.7279785041584721,0.11132974977154989
epf_np,target,24,24,20,covariate,1.3,eo:model-step=010400-wql=0.2141-mase=0.9670-composite=0.5152,/group-volume/ts-dataset/benchmarks/fev_bench/epf_np/*.parquet,epf_np,-480,24,1,,SQL,"['MASE', {'name': 'WAPE', 'epsilon': 1.0}, {'name': 'WQL', 'epsilon': 1.0}]","[0.1, 0.2, 0.3, 0.4, 0.5, 0.6, 0.7, 0.8, 0.9]",id,timestamp,,"['Grid load forecast', 'Wind power forecast']",[],[],epf_np,1.3170309286837099,,1.259706974029541,20,269b47960e0cd2ad,False,0.8.0,1.3170309286837099,1.6267578626860455,0.07294112080798312,0.05905424587197385,20.0,17.56600122153759,18.157710764685547,17.56600122153759,17.56600122153759,20.0,2.8777987211942673,0.5017282895135069,2.8777987211942673,2.8777987211942673,0.0,0.0,0.0,0.0,0.0,0.0,0.0,0.0,0.0,0.0,0.0,0.0,0.0,0.0,0.0,0.0,0.0,0.0,0.0,2.0,1.0,0.0,9.0,8.0,0.0,0.0,0.0,0.0,0.0,0.0,0.0,0.0,0.0,0.0,0.0,0.0,0.0,0.0,0.0,0.0,0.0,0.0,0.0,0.0,0.0,0.0,0.0,0.0,1.0,5.0,7.0,7.0,0.0,0.0,0.0,0.0,0.0,0.0,0.0,0.0,0.0,0.0,40.0,20.0,40.0,20.0,40.0,20.0,2.0,2.0,2.0,1.6267578626860455,1.3170309286837099,0.05905424587197385,1.6267578626860455,1.3170309286837099,0.05905424587197385,1.6267578626860455,1.3170309286837099,0.05905424587197385,1.9754573031125395,1.5100968217141557,0.06855297688416215,1.6267578626860455,1.3170309286837099,0.05905424587197385
epf_pjm,target,24,24,20,covariate,1.3,eo:model-step=010400-wql=0.2141-mase=0.9670-composite=0.5152,/group-volume/ts-dataset/benchmarks/fev_bench/epf_pjm/*.parquet,epf_pjm,-480,24,1,,SQL,"['MASE', {'name': 'WAPE', 'epsilon': 1.0}, {'name': 'WQL', 'epsilon': 1.0}]","[0.1, 0.2, 0.3, 0.4, 0.5, 0.6, 0.7, 0.8, 0.9]",id,timestamp,,"['System load forecast', 'Zonal COMED load foecast']",[],[],epf_pjm,0.610255429969431,,1.2595362663269043,20,7087b94a370e1baa,False,0.8.0,0.610255429969431,0.7855350115447011,0.1397499826166168,0.10845736505614409,20.0,11.859285145998001,7.409090016918891,11.859285145998001,11.859285145998001,20.0,1.654648195952177,0.14449673022792475,1.654648195952177,1.654648195952177,0.0,0.0,0.0,0.0,0.0,0.0,0.0,0.0,0.0,0.0,0.0,0.0,0.0,0.0,0.0,0.0,0.0,0.0,0.0,0.0,0.0,10.0,10.0,0.0,0.0,0.0,0.0,0.0,0.0,0.0,0.0,0.0,0.0,0.0,0.0,0.0,0.0,0.0,0.0,0.0,0.0,0.0,0.0,0.0,0.0,0.0,0.0,0.0,1.0,15.0,4.0,0.0,0.0,0.0,0.0,0.0,0.0,0.0,0.0,0.0,0.0,0.0,40.0,20.0,40.0,20.0,40.0,20.0,2.0,2.0,2.0,0.7855350115447011,0.610255429969431,0.10845736505614409,0.7855350115447011,0.610255429969431,0.10845736505614409,0.7855350115447011,0.610255429969431,0.10845736505614409,0.7884151604061257,0.6080952393392401,0.10750823494193643,0.7855350115447011,0.610255429969431,0.10845736505614409
rossmann_1D,Sales,48,7,10,covariate,156.2,eo:model-step=010400-wql=0.2141-mase=0.9670-composite=0.5152,/group-volume/ts-dataset/benchmarks/fev_bench/rossmann/1D/*.parquet,rossmann_1D,-480,48,1,,SQL,"['MASE', {'name': 'WAPE', 'epsilon': 1.0}, {'name': 'WQL', 'epsilon': 1.0}]","[0.1, 0.2, 0.3, 0.4, 0.5, 0.6, 0.7, 0.8, 0.9]",id,timestamp,,"['DayOfWeek', 'Open', 'Promo', 'SchoolHoliday', 'StateHoliday']",['Customers'],"['Assortment', 'CompetitionDistance', 'CompetitionOpenSinceMonth', 'CompetitionOpenSinceYear', 'Promo2', 'Promo2SinceWeek', 'Promo2SinceYear', 'PromoInterval', 'Store', 'StoreType']",rossmann_1D,0.9953804281588836,,156.2377474308014,11150,29ae5d8fec87a1fd,False,0.8.0,0.9953804281588836,1.235805860842658,0.4176766196021977,0.33672385835845053,11150.0,2556.997903972864,1326.4863485613569,0.5102274883538485,11.4853994846344,11150.0,769.0146732851863,90.88669332871297,0.22668595984578133,3.1419618129730225,0.0,0.0,0.0,0.0,0.0,0.0,0.0,0.0,0.0,0.0,0.0,0.0,0.0,0.0,0.0,0.0,2.0,182.0,2062.0,5049.0,2363.0,634.0,313.0,545.0,0.0,0.0,0.0,0.0,0.0,0.0,0.0,0.0,0.0,0.0,0.0,0.0,0.0,0.0,0.0,0.0,0.0,0.0,0.0,0.0,0.0,0.0,5.0,830.0,5515.0,3659.0,389.0,667.0,83.0,2.0,0.0,0.0,0.0,0.0,0.0,0.0,0.0,0.0,22206.0,11150.0,22300.0,11150.0,22300.0,11150.0,1.9915695067264574,2.0,2.0,1.2358390614060837,0.9954070476299941,0.33673181848087547,1.235805860842658,0.9953804281588836,0.33672385835845053,1.235805860842658,0.9953804281588836,0.33672385835845053,1.2426397605927775,0.9985472744125957,0.337740190041498,1.235805860842658,0.9953804281588836,0.33672385835845053
rossmann_1W,Sales,13,1,8,covariate,52.3,eo:model-step=010400-wql=0.2141-mase=0.9670-composite=0.5152,/group-volume/ts-dataset/benchmarks/fev_bench/rossmann/1W/*.parquet,rossmann_1W,-104,13,1,,SQL,"['MASE', {'name': 'WAPE', 'epsilon': 1.0}, {'name': 'WQL', 'epsilon': 1.0}]","[0.1, 0.2, 0.3, 0.4, 0.5, 0.6, 0.7, 0.8, 0.9]",id,timestamp,,"['Open', 'Promo', 'SchoolHoliday', 'StateHoliday']",['Customers'],"['Assortment', 'CompetitionDistance', 'CompetitionOpenSinceMonth', 'CompetitionOpenSinceYear', 'Promo2', 'Promo2SinceWeek', 'Promo2SinceYear', 'PromoInterval', 'Store', 'StoreType']",rossmann_1W,0.5785446908033302,,52.320348024368286,8920,cfc14443664745b2,False,0.8.0,0.5785446908033302,0.7413563026237591,0.1993723407620343,0.15483594211110033,8920.0,2076.541692653671,1192.708546166057,0.20668890699744225,10.311614751815796,8920.0,735.974657769315,152.30391860029437,0.11723087262362242,4.419087469577789,0.0,0.0,0.0,0.0,0.0,0.0,0.0,0.0,0.0,0.0,0.0,0.0,0.0,0.0,0.0,2.0,46.0,386.0,1627.0,3146.0,2487.0,536.0,465.0,83.0,142.0,0.0,0.0,0.0,0.0,0.0,0.0,0.0,0.0,0.0,0.0,0.0,0.0,0.0,0.0,0.0,0.0,0.0,0.0,0.0,0.0,0.0,133.0,1294.0,3459.0,2655.0,683.0,269.0,356.0,71.0,0.0,0.0,0.0,0.0,0.0,0.0,0.0,0.0,17573.0,8920.0,17840.0,8920.0,17840.0,8920.0,1.970067264573991,2.0,2.0,0.7413842668223938,0.5785887030461556,0.154848829254267,0.7413563026237591,0.5785446908033302,0.15483594211110033,0.7413563026237591,0.5785446908033302,0.15483594211110033,0.7951668558661131,0.6128555817111337,0.16143528267370233,0.7413563026237591,0.5785446908033302,0.15483594211110033
hermes,target,52,1,1,covariate,27.7,eo:model-step=010400-wql=0.2141-mase=0.9670-composite=0.5152,/group-volume/ts-dataset/benchmarks/fev_bench/hermes/*.parquet,hermes,-52,52,1,,SQL,"['MASE', {'name': 'WAPE', 'epsilon': 1.0}, {'name': 'WQL', 'epsilon': 1.0}]","[0.1, 0.2, 0.3, 0.4, 0.5, 0.6, 0.7, 0.8, 0.9]",id,timestamp,,['external'],[],"['category', 'country']",hermes,0.9340321508385306,,27.68725347518921,10000,e1d9809dc251e19b,False,0.8.0,0.9340321508385306,1.1947202276423055,0.004954374060538594,0.0038783648983619487,10000.0,4457.822431765497,2403.3202281726053,0.04711207002401352,1.6135215759277344,10000.0,1361.022992638871,221.3924755212247,0.028254402801394463,0.5506237745285034,0.0,0.0,0.0,0.0,0.0,0.0,0.0,0.0,0.0,0.0,0.0,0.0,0.0,0.0,0.0,0.0,0.0,1.0,31.0,511.0,2149.0,5082.0,2006.0,220.0,0.0,0.0,0.0,0.0,0.0,0.0,0.0,0.0,0.0,0.0,0.0,0.0,0.0,0.0,0.0,0.0,0.0,0.0,0.0,0.0,0.0,0.0,0.0,5.0,450.0,2737.0,4628.0,2122.0,58.0,0.0,0.0,0.0,0.0,0.0,0.0,0.0,0.0,0.0,19999.0,10000.0,20000.0,10000.0,20000.0,10000.0,1.9999,2.0,2.0,1.1947206777839325,0.934033254960309,0.0038783651906544713,1.1947202276423055,0.9340321508385306,0.0038783648983619487,1.1947202276423055,0.9340321508385306,0.0038783648983619487,1.201209612842207,0.9359318945400672,0.003884431794353733,1.1947202276423055,0.9340321508385306,0.0038783648983619487
walmart,target,39,1,1,covariate,45.1,eo:model-step=010400-wql=0.2141-mase=0.9670-composite=0.5152,/group-volume/ts-dataset/benchmarks/fev_bench/walmart/*.parquet,walmart,-39,39,1,,SQL,"['MASE', {'name': 'WAPE', 'epsilon': 1.0}, {'name': 'WQL', 'epsilon': 1.0}]","[0.1, 0.2, 0.3, 0.4, 0.5, 0.6, 0.7, 0.8, 0.9]",id,timestamp,,"['CPI', 'Fuel_Price', 'IsHoliday', 'MarkDown1', 'MarkDown2', 'MarkDown3', 'MarkDown4', 'MarkDown5', 'Temperature', 'Unemployment']",[],"['Dept', 'Size', 'Store', 'Type']",walmart,0.8760026593577902,,45.14450764656067,2936,c55b4fd4c5773129,False,0.8.0,0.8760026593577902,1.087167532204724,0.1380907970643791,0.11200372696261054,2936.0,1360.3890594616532,810.6290450648721,0.0587165392935276,1.5907403230667114,2936.0,482.48805394768715,100.77185358070173,0.03221535310149193,0.6037012934684753,0.0,0.0,0.0,0.0,0.0,0.0,0.0,0.0,0.0,0.0,0.0,0.0,0.0,0.0,0.0,0.0,0.0,0.0,20.0,168.0,751.0,1185.0,683.0,129.0,0.0,0.0,0.0,0.0,0.0,0.0,0.0,0.0,0.0,0.0,0.0,0.0,0.0,0.0,0.0,0.0,0.0,0.0,0.0,0.0,0.0,0.0,0.0,0.0,113.0,621.0,1109.0,915.0,176.0,2.0,0.0,0.0,0.0,0.0,0.0,0.0,0.0,0.0,5872.0,2936.0,5872.0,2936.0,5872.0,2936.0,2.0,2.0,2.0,1.087167532204724,0.8760026593577902,0.11200372696261054,1.087167532204724,0.8760026593577902,0.11200372696261054,1.087167532204724,0.8760026593577902,0.11200372696261054,1.1253494546450276,0.8975768117634481,0.1134362608890878,1.087167532204724,0.8760026593577902,0.11200372696261054
m5_1D,target,28,7,1,covariate,319.7,eo:model-step=010400-wql=0.2141-mase=0.9670-composite=0.5152,/group-volume/ts-dataset/benchmarks/fev_bench/m5/1D/*.parquet,m5_1D,-28,28,1,,SQL,"['MASE', {'name': 'WAPE', 'epsilon': 1.0}, {'name': 'WQL', 'epsilon': 1.0}]","[0.1, 0.2, 0.3, 0.4, 0.5, 0.6, 0.7, 0.8, 0.9]",id,timestamp,,"['event_Cultural', 'event_National', 'event_Religious', 'event_Sporting', 'sell_price', 'snap_CA', 'snap_TX', 'snap_WI']",[],"['cat_id', 'dept_id', 'item_id', 'state_id', 'store_id']",m5_1D,0.8047989354304803,,319.70927119255066,30490,f11a35ff7f7adf0e,False,0.8.0,0.8047989354304803,1.0058959240887322,0.7706689397596707,0.6053815792752275,30490.0,8309.73153527081,3669.502235069171,0.023696262389421463,2.4626712799072266,30490.0,2277.5185670545325,261.7938043525496,0.011547911912202835,0.807857871055603,0.0,0.0,0.0,0.0,0.0,0.0,0.0,0.0,0.0,0.0,0.0,0.0,0.0,0.0,0.0,0.0,35.0,942.0,3785.0,6883.0,10012.0,6415.0,1974.0,412.0,32.0,0.0,0.0,0.0,0.0,0.0,0.0,0.0,0.0,0.0,0.0,0.0,0.0,0.0,0.0,0.0,0.0,0.0,0.0,0.0,0.0,0.0,118.0,3801.0,10433.0,9904.0,4660.0,1365.0,198.0,11.0,0.0,0.0,0.0,0.0,0.0,0.0,0.0,0.0,60379.0,30490.0,60980.0,30490.0,60980.0,30490.0,1.9802886192194162,2.0,2.0,1.0056817522870878,0.8046540196588422,0.6053029273022157,1.0058959240887322,0.8047989354304803,0.6053815792752275,1.0058959240887322,0.8047989354304803,0.6053815792752275,0.9863415414108759,0.7975903652306275,0.6030953107294509,1.0058959240887322,0.8047989354304803,0.6053815792752275
m5_1W,target,13,1,1,covariate,354.3,eo:model-step=010400-wql=0.2141-mase=0.9670-composite=0.5152,/group-volume/ts-dataset/benchmarks/fev_bench/m5/1W/*.parquet,m5_1W,-13,13,1,,SQL,"['MASE', {'name': 'WAPE', 'epsilon': 1.0}, {'name': 'WQL', 'epsilon': 1.0}]","[0.1, 0.2, 0.3, 0.4, 0.5, 0.6, 0.7, 0.8, 0.9]",id,timestamp,,"['event_Cultural', 'event_National', 'event_Religious', 'event_Sporting', 'sell_price', 'snap_CA', 'snap_TX', 'snap_WI']",[],"['cat_id', 'dept_id', 'item_id', 'state_id', 'store_id']",m5_1W,0.9288240200391683,,354.343870639801,30490,8d7cc2396f52bcbc,False,0.8.0,0.9288240200391683,1.1615527234261493,0.44120636301687205,0.3506243521935007,30490.0,12212.094986859709,7640.513480059777,0.017107974737882614,2.355287790298462,30490.0,3848.1491890773177,795.8188224003352,0.010815462097525597,0.9465722441673279,0.0,0.0,0.0,0.0,0.0,0.0,0.0,0.0,0.0,0.0,0.0,0.0,0.0,0.0,0.0,1.0,43.0,449.0,2070.0,5049.0,7674.0,8126.0,5551.0,1480.0,47.0,0.0,0.0,0.0,0.0,0.0,0.0,0.0,0.0,0.0,0.0,0.0,0.0,0.0,0.0,0.0,0.0,0.0,0.0,0.0,0.0,0.0,85.0,2029.0,6671.0,7569.0,6814.0,5519.0,1696.0,107.0,0.0,0.0,0.0,0.0,0.0,0.0,0.0,0.0,60659.0,30490.0,60980.0,30490.0,60980.0,30490.0,1.9894719580190225,2.0,2.0,1.161508442050317,0.9287978264698966,0.35061062802876636,1.1615527234261493,0.9288240200391683,0.3506243521935007,1.1615527234261493,0.9288240200391683,0.3506243521935007,1.1954002262918402,0.9519425369830425,0.3595022023024311,1.1615527234261493,0.9288240200391683,0.3506243521935007
m5_1M,target,12,12,1,covariate,269.8,eo:model-step=010400-wql=0.2141-mase=0.9670-composite=0.5152,/group-volume/ts-dataset/benchmarks/fev_bench/m5/1M/*.parquet,m5_1M,-12,12,6,,SQL,"['MASE', {'name': 'WAPE', 'epsilon': 1.0}, {'name': 'WQL', 'epsilon': 1.0}]","[0.1, 0.2, 0.3, 0.4, 0.5, 0.6, 0.7, 0.8, 0.9]",id,timestamp,,"['event_Cultural', 'event_National', 'event_Religious', 'event_Sporting', 'sell_price', 'snap_CA', 'snap_TX', 'snap_WI']",[],"['cat_id', 'dept_id', 'item_id', 'state_id', 'store_id']",m5_1M,1.0238983708940994,,269.8072636127472,29364,5d40840afc423bdf,False,0.8.0,1.0238983708940994,1.1987387498545585,0.45764055545243504,0.3673737792579248,29364.0,9868.67335454002,4839.487247372012,0.016941163688898087,1.563678503036499,29364.0,3656.5888124257326,838.6818845929531,0.012176301330327988,1.0281380414962769,0.0,0.0,0.0,0.0,0.0,0.0,0.0,0.0,0.0,0.0,0.0,0.0,0.0,0.0,0.0,1.0,14.0,240.0,1409.0,5328.0,10587.0,7805.0,3336.0,644.0,0.0,0.0,0.0,0.0,0.0,0.0,0.0,0.0,0.0,0.0,0.0,0.0,0.0,0.0,0.0,0.0,0.0,0.0,0.0,0.0,0.0,0.0,67.0,1619.0,6586.0,9290.0,6009.0,3496.0,2061.0,235.0,1.0,0.0,0.0,0.0,0.0,0.0,0.0,0.0,58588.0,29364.0,58728.0,29364.0,58728.0,29364.0,1.9952322571856695,2.0,2.0,1.1987263954890033,1.0238885760463134,0.3673702701068213,1.1987387498545585,1.0238983708940994,0.3673737792579248,1.1987387498545585,1.0238983708940994,0.3673737792579248,1.2023463929276226,1.021636849372967,0.3643292278620376,1.1987387498545585,1.0238983708940994,0.3673737792579248
favorita_stores_1D,sales,28,7,10,covariate,222.5,eo:model-step=010400-wql=0.2141-mase=0.9670-composite=0.5152,/group-volume/ts-dataset/benchmarks/fev_bench/favorita_stores/1D/*.parquet,favorita_stores_1D,-280,28,1,,SQL,"['MASE', {'name': 'WAPE', 'epsilon': 1.0}, {'name': 'WQL', 'epsilon': 1.0}]","[0.1, 0.2, 0.3, 0.4, 0.5, 0.6, 0.7, 0.8, 0.9]",id,timestamp,,"['holiday', 'onpromotion']",['oil_price'],"['city', 'cluster', 'family', 'state', 'store_nbr', 'type']",favorita_stores_1D,1.2500683042751342,,222.52713751792908,15790,7c6ded4c862d08bd,False,0.8.0,1.2500683042751342,1.5446042830786142,0.25557495652819434,0.2043528723300244,15790.0,8011.688106007874,6265.7924796621455,0.2924775741994381,19.570716381072998,15790.0,1610.7442381698638,226.02763624397102,0.17592968232929707,4.32203671336174,0.0,0.0,0.0,0.0,0.0,0.0,0.0,0.0,0.0,0.0,0.0,0.0,0.0,0.0,0.0,0.0,10.0,373.0,1188.0,2039.0,2764.0,3414.0,4085.0,1890.0,27.0,0.0,0.0,0.0,0.0,0.0,0.0,0.0,0.0,0.0,0.0,0.0,0.0,0.0,0.0,0.0,0.0,0.0,0.0,0.0,0.0,0.0,9.0,927.0,3369.0,4712.0,4982.0,1657.0,133.0,1.0,0.0,0.0,0.0,0.0,0.0,0.0,0.0,0.0,31305.0,15790.0,31580.0,15790.0,31580.0,15790.0,1.9825839138695376,2.0,2.0,1.5433270388706728,1.249368983989845,0.20428936444982546,1.5446042830786142,1.2500683042751342,0.2043528723300244,1.5446042830786142,1.2500683042751342,0.2043528723300244,1.5822709185587547,1.2638255512661358,0.20715287943839514,1.5446042830786142,1.2500683042751342,0.2043528723300244
favorita_stores_1W,sales,13,1,10,covariate,56.6,eo:model-step=010400-wql=0.2141-mase=0.9670-composite=0.5152,/group-volume/ts-dataset/benchmarks/fev_bench/favorita_stores/1W/*.parquet,favorita_stores_1W,-130,13,1,,SQL,"['MASE', {'name': 'WAPE', 'epsilon': 1.0}, {'name': 'WQL', 'epsilon': 1.0}]","[0.1, 0.2, 0.3, 0.4, 0.5, 0.6, 0.7, 0.8, 0.9]",id,timestamp,,['onpromotion'],['oil_price'],"['city', 'cluster', 'family', 'state', 'store_nbr', 'type']",favorita_stores_1W,2.265204603497924,,56.58205556869507,15790,1cf7145738b8996c,False,0.8.0,2.265204603497924,2.6805623109103247,0.16307324952595112,0.12962605214401127,15790.0,11436.850204639137,11833.804203112924,0.28147818706929684,20.44119882583618,15790.0,2848.5040787933394,732.930203018824,0.1743696117773652,6.798331081867218,0.0,0.0,0.0,0.0,0.0,0.0,0.0,0.0,0.0,0.0,0.0,0.0,0.0,0.0,0.0,0.0,15.0,275.0,631.0,1369.0,1986.0,2469.0,4166.0,4601.0,278.0,0.0,0.0,0.0,0.0,0.0,0.0,0.0,0.0,0.0,0.0,0.0,0.0,0.0,0.0,0.0,0.0,0.0,0.0,0.0,0.0,0.0,16.0,814.0,1887.0,2321.0,3433.0,5178.0,2079.0,62.0,0.0,0.0,0.0,0.0,0.0,0.0,0.0,0.0,31348.0,15790.0,31580.0,15790.0,31580.0,15790.0,1.985307156428119,2.0,2.0,2.68040287598865,2.2650818049810555,0.12962013799962926,2.6805623109103247,2.265204603497924,0.12962605214401127,2.6805623109103247,2.265204603497924,0.12962605214401127,2.9583286721315742,2.4417947535895093,0.14852501325307726,2.6805623109103247,2.265204603497924,0.12962605214401127
favorita_stores_1M,sales,12,12,2,covariate,10.6,eo:model-step=010400-wql=0.2141-mase=0.9670-composite=0.5152,/group-volume/ts-dataset/benchmarks/fev_bench/favorita_stores/1M/*.parquet,favorita_stores_1M,-24,12,1,,SQL,"['MASE', {'name': 'WAPE', 'epsilon': 1.0}, {'name': 'WQL', 'epsilon': 1.0}]","[0.1, 0.2, 0.3, 0.4, 0.5, 0.6, 0.7, 0.8, 0.9]",id,timestamp,,['onpromotion'],['oil_price'],"['city', 'cluster', 'family', 'state', 'store_nbr', 'type']",favorita_stores_1M,2.148961326940609,,10.586039543151855,3158,90adf27f0175f9ae,False,0.8.0,2.148961326940609,2.3559548983835112,0.2223742133929521,0.17709634731711651,3158.0,1611.0458209998906,1225.2345690402115,0.07227951288223267,2.621635675430298,3158.0,278.58991180732846,37.134264668056915,0.028504518792033195,0.8982765674591064,0.0,0.0,0.0,0.0,0.0,0.0,0.0,0.0,0.0,0.0,0.0,0.0,0.0,0.0,0.0,0.0,4.0,36.0,129.0,403.0,845.0,508.0,799.0,434.0,0.0,0.0,0.0,0.0,0.0,0.0,0.0,0.0,0.0,0.0,0.0,0.0,0.0,0.0,0.0,0.0,0.0,0.0,0.0,0.0,0.0,0.0,16.0,215.0,940.0,1131.0,565.0,254.0,37.0,0.0,0.0,0.0,0.0,0.0,0.0,0.0,0.0,0.0,6289.0,3158.0,6316.0,3158.0,6316.0,3158.0,1.9914502849905003,2.0,2.0,2.356169221214146,2.149150006901735,0.17709843016880528,2.3559548983835112,2.148961326940609,0.17709634731711651,2.3559548983835112,2.148961326940609,0.17709634731711651,2.3700807772335954,2.1501858594431953,0.175628271094313,2.3559548983835112,2.148961326940609,0.17709634731711651
favorita_transactions_1D,transactions,28,7,10,covariate,5.4,eo:model-step=010400-wql=0.2141-mase=0.9670-composite=0.5152,/group-volume/ts-dataset/benchmarks/fev_bench/favorita_transactions/1D/*.parquet,favorita_transactions_1D,-280,28,1,,SQL,"['MASE', {'name': 'WAPE', 'epsilon': 1.0}, {'name': 'WQL', 'epsilon': 1.0}]","[0.1, 0.2, 0.3, 0.4, 0.5, 0.6, 0.7, 0.8, 0.9]",id,timestamp,,['holiday'],['oil_price'],"['city', 'cluster', 'state', 'store_nbr', 'type']",favorita_transactions_1D,1.5714872800231503,,5.442137241363525,510,93e47f4edb5bcbe1,False,0.8.0,1.5714872800231503,1.9357738040626622,0.1382606645933376,0.11063764493464774,510.0,239.12216651812196,170.55469271251627,0.4565831534564495,15.622963190078735,510.0,56.81924771890044,8.236719869732047,0.24861464649438858,3.03005488216877,0.0,0.0,0.0,0.0,0.0,0.0,0.0,0.0,0.0,0.0,0.0,0.0,0.0,0.0,0.0,0.0,0.0,13.0,42.0,56.0,87.0,144.0,126.0,38.0,4.0,0.0,0.0,0.0,0.0,0.0,0.0,0.0,0.0,0.0,0.0,0.0,0.0,0.0,0.0,0.0,0.0,0.0,0.0,0.0,0.0,0.0,0.0,30.0,84.0,127.0,209.0,56.0,4.0,0.0,0.0,0.0,0.0,0.0,0.0,0.0,0.0,0.0,1011.0,510.0,1020.0,510.0,1020.0,510.0,1.9823529411764707,2.0,2.0,1.9357550653926556,1.57141685864072,0.11063294533606094,1.9357738040626622,1.5714872800231503,0.11063764493464774,1.9357738040626622,1.5714872800231503,0.11063764493464774,1.980873506833737,1.600473284541474,0.11234210571610774,1.9357738040626622,1.5714872800231503,0.11063764493464774
favorita_transactions_1W,transactions,13,1,10,covariate,2.0,eo:model-step=010400-wql=0.2141-mase=0.9670-composite=0.5152,/group-volume/ts-dataset/benchmarks/fev_bench/favorita_transactions/1W/*.parquet,favorita_transactions_1W,-130,13,1,,SQL,"['MASE', {'name': 'WAPE', 'epsilon': 1.0}, {'name': 'WQL', 'epsilon': 1.0}]","[0.1, 0.2, 0.3, 0.4, 0.5, 0.6, 0.7, 0.8, 0.9]",id,timestamp,,[],['oil_price'],"['city', 'cluster', 'state', 'store_nbr', 'type']",favorita_transactions_1W,2.0648849348567437,,1.9975543022155762,510,19b5577b63233e9d,False,0.8.0,2.0648849348567437,2.459585095879858,0.08022945085026759,0.06736885792332911,510.0,358.13064727559686,361.9156334873856,0.4795558415353298,18.438715934753418,510.0,117.50011041387916,37.38150406117628,0.2646976187825203,5.55956643819809,0.0,0.0,0.0,0.0,0.0,0.0,0.0,0.0,0.0,0.0,0.0,0.0,0.0,0.0,0.0,0.0,0.0,24.0,15.0,28.0,61.0,101.0,143.0,128.0,10.0,0.0,0.0,0.0,0.0,0.0,0.0,0.0,0.0,0.0,0.0,0.0,0.0,0.0,0.0,0.0,0.0,0.0,0.0,0.0,0.0,0.0,0.0,25.0,40.0,47.0,101.0,152.0,140.0,5.0,0.0,0.0,0.0,0.0,0.0,0.0,0.0,0.0,999.0,510.0,1020.0,510.0,1020.0,510.0,1.9588235294117646,2.0,2.0,2.4594255114779395,2.0648234411171957,0.06736344177182083,2.459585095879858,2.0648849348567437,0.06736885792332911,2.459585095879858,2.0648849348567437,0.06736885792332911,2.890019442373254,2.350700426761503,0.0734155023467494,2.459585095879858,2.0648849348567437,0.06736885792332911
favorita_transactions_1M,transactions,12,12,2,covariate,0.8,eo:model-step=010400-wql=0.2141-mase=0.9670-composite=0.5152,/group-volume/ts-dataset/benchmarks/fev_bench/favorita_transactions/1M/*.parquet,favorita_transactions_1M,-24,12,1,,SQL,"['MASE', {'name': 'WAPE', 'epsilon': 1.0}, {'name': 'WQL', 'epsilon': 1.0}]","[0.1, 0.2, 0.3, 0.4, 0.5, 0.6, 0.7, 0.8, 0.9]",id,timestamp,,[],['oil_price'],"['city', 'cluster', 'state', 'store_nbr', 'type']",favorita_transactions_1M,1.536359807990984,,0.8289258480072021,102,6f7b1122146e5d93,False,0.8.0,1.536359807990984,1.7759822937284222,0.10458881959912383,0.08970714563135233,102.0,46.24618027545512,31.90777070140452,0.060981929302215576,2.4439189434051514,102.0,12.40763995796442,2.6635048741616973,0.04537983424961567,0.6304633170366287,0.0,0.0,0.0,0.0,0.0,0.0,0.0,0.0,0.0,0.0,0.0,0.0,0.0,0.0,0.0,0.0,3.0,7.0,4.0,11.0,18.0,25.0,26.0,8.0,0.0,0.0,0.0,0.0,0.0,0.0,0.0,0.0,0.0,0.0,0.0,0.0,0.0,0.0,0.0,0.0,0.0,0.0,0.0,0.0,0.0,0.0,1.0,17.0,22.0,23.0,12.0,19.0,8.0,0.0,0.0,0.0,0.0,0.0,0.0,0.0,0.0,0.0,195.0,102.0,204.0,102.0,204.0,102.0,1.911764705882353,2.0,2.0,1.777062227978472,1.5372703051135148,0.0897674635752189,1.7759822937284222,1.536359807990984,0.08970714563135233,1.7759822937284222,1.536359807990984,0.08970714563135233,1.7377290038895916,1.490861255327836,0.08842597623713191,1.7759822937284222,1.536359807990984,0.08970714563135233
solar_with_weather_15T,target,96,96,20,covariate,2.0,eo:model-step=010400-wql=0.2141-mase=0.9670-composite=0.5152,/group-volume/ts-dataset/benchmarks/fev_bench/solar_with_weather/15T/*.parquet,solar_with_weather_15T,-1920,96,1,,SQL,"['MASE', {'name': 'WAPE', 'epsilon': 1.0}, {'name': 'WQL', 'epsilon': 1.0}]","[0.1, 0.2, 0.3, 0.4, 0.5, 0.6, 0.7, 0.8, 0.9]",id,timestamp,,"['day_length', 'humidity', 'pressure', 'rain_1h', 'snow_1h', 'temp', 'wind_speed']","['clouds_all', 'global_horizontal_irradiance']",[],solar_with_weather_15T,1.246938008525917,,2.0285027027130127,20,0b6d5a3c52af6282,False,0.8.0,1.246938008525917,1.5581740950828802,1.571279258954522,1.3065304143389103,20.0,13.145300775766373,8.992450459694975,13.145300775766373,13.145300775766373,20.0,4.933410979807377,1.2545064867258984,4.933410979807377,4.933410979807377,0.0,0.0,0.0,0.0,0.0,0.0,0.0,0.0,0.0,0.0,0.0,0.0,0.0,0.0,0.0,0.0,0.0,0.0,0.0,0.0,0.0,6.0,14.0,0.0,0.0,0.0,0.0,0.0,0.0,0.0,0.0,0.0,0.0,0.0,0.0,0.0,0.0,0.0,0.0,0.0,0.0,0.0,0.0,0.0,0.0,0.0,0.0,0.0,0.0,0.0,1.0,18.0,1.0,0.0,0.0,0.0,0.0,0.0,0.0,0.0,0.0,0.0,40.0,20.0,40.0,20.0,40.0,20.0,2.0,2.0,2.0,1.5581740950828802,1.246938008525917,1.3065304143389103,1.5581740950828802,1.246938008525917,1.3065304143389103,1.5581740950828802,1.246938008525917,1.3065304143389103,1.5537744990865348,1.2562952061982824,1.2883588048991983,1.5581740950828802,1.246938008525917,1.3065304143389103
solar_with_weather_1H,target,24,24,20,covariate,1.9,eo:model-step=010400-wql=0.2141-mase=0.9670-composite=0.5152,/group-volume/ts-dataset/benchmarks/fev_bench/solar_with_weather/1H/*.parquet,solar_with_weather_1H,-480,24,1,,SQL,"['MASE', {'name': 'WAPE', 'epsilon': 1.0}, {'name': 'WQL', 'epsilon': 1.0}]","[0.1, 0.2, 0.3, 0.4, 0.5, 0.6, 0.7, 0.8, 0.9]",id,timestamp,,"['day_length', 'humidity', 'pressure', 'rain_1h', 'snow_1h', 'temp', 'wind_speed']","['clouds_all', 'global_horizontal_irradiance']",[],solar_with_weather_1H,1.074934328258419,,1.9359540939331055,20,1ae39ff7d1aba62c,False,0.8.0,1.074934328258419,1.3831311448068702,1.3443045192211067,1.0844746443721502,20.0,12.374793112277985,7.719998855749633,12.374793112277985,12.374793112277985,20.0,1.9555721953511238,0.205427751849326,1.9555721953511238,1.9555721953511238,0.0,0.0,0.0,0.0,0.0,0.0,0.0,0.0,0.0,0.0,0.0,0.0,0.0,0.0,0.0,0.0,0.0,0.0,0.0,0.0,0.0,4.0,16.0,0.0,0.0,0.0,0.0,0.0,0.0,0.0,0.0,0.0,0.0,0.0,0.0,0.0,0.0,0.0,0.0,0.0,0.0,0.0,0.0,0.0,0.0,0.0,0.0,0.0,0.0,10.0,10.0,0.0,0.0,0.0,0.0,0.0,0.0,0.0,0.0,0.0,0.0,0.0,40.0,20.0,40.0,20.0,40.0,20.0,2.0,2.0,2.0,1.3831311448068702,1.074934328258419,1.0844746443721502,1.3831311448068702,1.074934328258419,1.0844746443721502,1.3831311448068702,1.074934328258419,1.0844746443721502,1.3859973968426917,1.073362436297802,0.9748660855614633,1.3831311448068702,1.074934328258419,1.0844746443721502
kdd_cup_2022_10T,Patv,288,144,10,covariate,73.8,eo:model-step=010400-wql=0.2141-mase=0.9670-composite=0.5152,/group-volume/ts-dataset/benchmarks/fev_bench/kdd_cup_2022/10T/*.parquet,kdd_cup_2022_10T,-2880,288,1,,SQL,"['MASE', {'name': 'WAPE', 'epsilon': 1.0}, {'name': 'WQL', 'epsilon': 1.0}]","[0.1, 0.2, 0.3, 0.4, 0.5, 0.6, 0.7, 0.8, 0.9]",id,timestamp,,[],"['Etmp', 'Itmp', 'Ndir', 'Pab1', 'Pab2', 'Pab3', 'Prtv', 'Wdir', 'Wspd']",[],kdd_cup_2022_10T,0.5900171971552821,,73.7851185798645,1340,571bae673e4dccdd,False,0.8.0,0.5900171971552821,0.742850623985514,3.3886732101613566,2.6595165778177963,1340.0,745.033888027072,541.468732460372,2.883810833096504,7.9563509821891785,1340.0,249.27319331467152,51.912780116934705,1.0552510172128677,2.848543182015419,0.0,0.0,0.0,0.0,0.0,0.0,0.0,0.0,0.0,0.0,0.0,0.0,0.0,0.0,0.0,0.0,0.0,0.0,0.0,2.0,263.0,638.0,300.0,137.0,0.0,0.0,0.0,0.0,0.0,0.0,0.0,0.0,0.0,0.0,0.0,0.0,0.0,0.0,0.0,0.0,0.0,0.0,0.0,0.0,0.0,0.0,0.0,0.0,0.0,139.0,499.0,675.0,27.0,0.0,0.0,0.0,0.0,0.0,0.0,0.0,0.0,0.0,2680.0,1340.0,2680.0,1340.0,2680.0,1340.0,2.0,2.0,2.0,0.742850623985514,0.5900171971552821,2.6595165778177963,0.742850623985514,0.5900171971552821,2.6595165778177963,0.742850623985514,0.5900171971552821,2.6595165778177963,0.7097818510585251,0.5695001281284584,2.38739522595736,0.742850623985514,0.5900171971552821,2.6595165778177963
kdd_cup_2022_30T,Patv,96,48,10,covariate,72.5,eo:model-step=010400-wql=0.2141-mase=0.9670-composite=0.5152,/group-volume/ts-dataset/benchmarks/fev_bench/kdd_cup_2022/30T/*.parquet,kdd_cup_2022_30T,-960,96,1,,SQL,"['MASE', {'name': 'WAPE', 'epsilon': 1.0}, {'name': 'WQL', 'epsilon': 1.0}]","[0.1, 0.2, 0.3, 0.4, 0.5, 0.6, 0.7, 0.8, 0.9]",id,timestamp,,[],"['Etmp', 'Itmp', 'Ndir', 'Pab1', 'Pab2', 'Pab3', 'Prtv', 'Wdir', 'Wspd']",[],kdd_cup_2022_30T,0.6332989204263021,,72.46076583862305,1340,bf18bd35bb0df915,False,0.8.0,0.6332989204263021,0.803765938057287,3.748151278645737,2.870060441760238,1340.0,669.2761086523533,381.73301886300146,2.884700983762741,7.135145604610443,1340.0,196.59703871235251,32.3354345271762,0.7360342964529991,2.611899420619011,0.0,0.0,0.0,0.0,0.0,0.0,0.0,0.0,0.0,0.0,0.0,0.0,0.0,0.0,0.0,0.0,0.0,0.0,0.0,12.0,168.0,719.0,420.0,21.0,0.0,0.0,0.0,0.0,0.0,0.0,0.0,0.0,0.0,0.0,0.0,0.0,0.0,0.0,0.0,0.0,0.0,0.0,0.0,0.0,0.0,0.0,0.0,0.0,6.0,288.0,675.0,368.0,3.0,0.0,0.0,0.0,0.0,0.0,0.0,0.0,0.0,0.0,2680.0,1340.0,2680.0,1340.0,2680.0,1340.0,2.0,2.0,2.0,0.803765938057287,0.6332989204263021,2.870060441760238,0.803765938057287,0.6332989204263021,2.870060441760238,0.803765938057287,0.6332989204263021,2.870060441760238,0.7427671356514383,0.5964583295397577,2.54153352578654,0.803765938057287,0.6332989204263021,2.870060441760238
kdd_cup_2022_1D,Patv,14,1,10,covariate,14.4,eo:model-step=010400-wql=0.2141-mase=0.9670-composite=0.5152,/group-volume/ts-dataset/benchmarks/fev_bench/kdd_cup_2022/1D/*.parquet,kdd_cup_2022_1D,-140,14,1,,SQL,"['MASE', {'name': 'WAPE', 'epsilon': 1.0}, {'name': 'WQL', 'epsilon': 1.0}]","[0.1, 0.2, 0.3, 0.4, 0.5, 0.6, 0.7, 0.8, 0.9]",id,timestamp,,[],"['Etmp', 'Itmp', 'Ndir', 'Pab1', 'Pab2', 'Pab3', 'Prtv', 'Wdir', 'Wspd']",[],kdd_cup_2022_1D,0.7199600443651754,,14.360051393508911,1340,739c6625d30e6169,False,0.8.0,0.7199600443651754,0.9299340378079484,0.7535258000435193,0.5804868218198009,1340.0,475.9183459188789,209.52499017212494,1.3980433009564877,6.353949695825577,1340.0,222.90762358531356,43.391299840182484,0.5542500801384449,2.7964791506528854,0.0,0.0,0.0,0.0,0.0,0.0,0.0,0.0,0.0,0.0,0.0,0.0,0.0,0.0,0.0,0.0,2.0,4.0,20.0,180.0,484.0,418.0,232.0,0.0,0.0,0.0,0.0,0.0,0.0,0.0,0.0,0.0,0.0,0.0,0.0,0.0,0.0,0.0,0.0,0.0,0.0,0.0,0.0,0.0,0.0,0.0,0.0,6.0,64.0,222.0,423.0,613.0,12.0,0.0,0.0,0.0,0.0,0.0,0.0,0.0,0.0,0.0,2674.0,1340.0,2680.0,1340.0,2680.0,1340.0,1.9955223880597015,2.0,2.0,0.9298329654805674,0.7198983497998056,0.5804201027374912,0.9299340378079484,0.7199600443651754,0.5804868218198009,0.9299340378079484,0.7199600443651754,0.5804868218198009,0.9098637196921466,0.712105602692804,0.5662561809472265,0.9299340378079484,0.7199600443651754,0.5804868218198009
uci_air_quality_1H,"['C6H6(GT)', 'CO(GT)', 'NO2(GT)', 'NOx(GT)']",168,24,20,covariate,1.6,eo:model-step=010400-wql=0.2141-mase=0.9670-composite=0.5152,/group-volume/ts-dataset/benchmarks/fev_bench/uci_air_quality/1H/*.parquet,uci_air_quality_1H,-3360,168,1,,SQL,"['MASE', {'name': 'WAPE', 'epsilon': 1.0}, {'name': 'WQL', 'epsilon': 1.0}]","[0.1, 0.2, 0.3, 0.4, 0.5, 0.6, 0.7, 0.8, 0.9]",id,timestamp,,"['AH', 'RH', 'T']",[],[],uci_air_quality_1H,1.0464176703034767,,1.6387407779693604,80,031d3ed27aba2c43,False,0.8.0,1.0464176703034767,1.3391366266528508,0.4416929094108496,0.34519609113179556,80.0,39.85434636473656,21.50496688730917,8.285388976335526,12.248609870672226,80.0,12.696650490164757,2.1077534045731796,2.6997896134853363,3.7507407665252686,0.0,0.0,0.0,0.0,0.0,0.0,0.0,0.0,0.0,0.0,0.0,0.0,0.0,0.0,0.0,0.0,0.0,0.0,0.0,0.0,1.0,63.0,15.0,1.0,0.0,0.0,0.0,0.0,0.0,0.0,0.0,0.0,0.0,0.0,0.0,0.0,0.0,0.0,0.0,0.0,0.0,0.0,0.0,0.0,0.0,0.0,0.0,0.0,0.0,2.0,53.0,25.0,0.0,0.0,0.0,0.0,0.0,0.0,0.0,0.0,0.0,0.0,160.0,80.0,160.0,80.0,160.0,80.0,2.0,2.0,2.0,1.3391366266528508,1.0464176703034767,0.34519609113179556,1.3391366266528508,1.0464176703034767,0.34519609113179556,1.3391366266528508,1.0464176703034767,0.34519609113179556,1.3679850683542525,1.0605244857415257,0.34474439746100566,1.3391366266528508,1.0464176703034767,0.34519609113179556
uci_air_quality_1D,"['C6H6(GT)', 'CO(GT)', 'NO2(GT)', 'NOx(GT)']",28,7,11,covariate,0.9,eo:model-step=010400-wql=0.2141-mase=0.9670-composite=0.5152,/group-volume/ts-dataset/benchmarks/fev_bench/uci_air_quality/1D/*.parquet,uci_air_quality_1D,-308,28,1,,SQL,"['MASE', {'name': 'WAPE', 'epsilon': 1.0}, {'name': 'WQL', 'epsilon': 1.0}]","[0.1, 0.2, 0.3, 0.4, 0.5, 0.6, 0.7, 0.8, 0.9]",id,timestamp,,"['AH', 'RH', 'T']",[],[],uci_air_quality_1D,1.4878807650124903,,0.869333028793335,44,2ef57ff0fd03a862,False,0.8.0,1.4878807650124903,1.8842806752027164,0.3743464253033792,0.2930260575831731,44.0,19.74085072427988,12.667225133146196,2.696061909198761,7.721741288900375,44.0,7.436862502247095,1.8407191251046946,1.0432056970894337,2.7676935493946075,0.0,0.0,0.0,0.0,0.0,0.0,0.0,0.0,0.0,0.0,0.0,0.0,0.0,0.0,0.0,0.0,0.0,0.0,2.0,4.0,12.0,13.0,11.0,2.0,0.0,0.0,0.0,0.0,0.0,0.0,0.0,0.0,0.0,0.0,0.0,0.0,0.0,0.0,0.0,0.0,0.0,0.0,0.0,0.0,0.0,0.0,0.0,0.0,3.0,12.0,14.0,10.0,5.0,0.0,0.0,0.0,0.0,0.0,0.0,0.0,0.0,0.0,88.0,44.0,88.0,44.0,88.0,44.0,2.0,2.0,2.0,1.8842806752027164,1.4878807650124903,0.2930260575831731,1.8842806752027164,1.4878807650124903,0.2930260575831731,1.8842806752027164,1.4878807650124903,0.2930260575831731,2.063664964824539,1.631467337481837,0.3172384292722353,1.8842806752027164,1.4878807650124903,0.2930260575831731
uk_covid_nation_1D,"['new_admissions', 'new_cases', 'new_deaths']",28,7,20,covariate,1.7,eo:model-step=010400-wql=0.2141-mase=0.9670-composite=0.5152,/group-volume/ts-dataset/benchmarks/fev_bench/uk_covid_nation/1D/*.parquet,uk_covid_nation_1D,-560,28,1,,SQL,"['MASE', {'name': 'WAPE', 'epsilon': 1.0}, {'name': 'WQL', 'epsilon': 1.0}]","[0.1, 0.2, 0.3, 0.4, 0.5, 0.6, 0.7, 0.8, 0.9]",id,timestamp,,[],"['hospital_cases', 'icu_ventilator_occupancy', 'new_vaccinated_1', 'new_vaccinated_2', 'new_vaccinated_3']",[],uk_covid_nation_1D/new,2.4617358798420264,,1.6789207458496094,240,dae0212e3fa73904,False,0.8.0,2.4617358798420264,2.9469627460993317,0.9691001569326241,0.7820144502579478,240.0,205.71756782755256,250.62249295464756,5.594089101999998,31.687949538230896,240.0,49.89123132824898,12.865893617021458,1.8798185959458351,7.79436668753624,0.0,0.0,0.0,0.0,0.0,0.0,0.0,0.0,0.0,0.0,0.0,0.0,0.0,0.0,0.0,0.0,0.0,2.0,2.0,6.0,29.0,47.0,83.0,47.0,24.0,0.0,0.0,0.0,0.0,0.0,0.0,0.0,0.0,0.0,0.0,0.0,0.0,0.0,0.0,0.0,0.0,0.0,0.0,0.0,0.0,0.0,0.0,0.0,7.0,41.0,50.0,106.0,35.0,1.0,0.0,0.0,0.0,0.0,0.0,0.0,0.0,0.0,480.0,240.0,480.0,240.0,480.0,240.0,2.0,2.0,2.0,2.9469627460993317,2.4617358798420264,0.7820144502579478,2.9469627460993317,2.4617358798420264,0.7820144502579478,2.9469627460993317,2.4617358798420264,0.7820144502579478,3.230827901559917,2.6048325982615723,0.6518979429051918,2.9469627460993317,2.4617358798420264,0.7820144502579478
uk_covid_nation_1D,"['cumulative_admissions', 'cumulative_cases', 'cumulative_deaths']",28,1,20,covariate,1.7,eo:model-step=010400-wql=0.2141-mase=0.9670-composite=0.5152,/group-volume/ts-dataset/benchmarks/fev_bench/uk_covid_nation/1D/*.parquet,uk_covid_nation_1D,-560,28,1,,SQL,"['MASE', {'name': 'WAPE', 'epsilon': 1.0}, {'name': 'WQL', 'epsilon': 1.0}]","[0.1, 0.2, 0.3, 0.4, 0.5, 0.6, 0.7, 0.8, 0.9]",id,timestamp,,[],"['cumulative_vaccinated_1', 'cumulative_vaccinated_2', 'cumulative_vaccinated_3', 'hospital_cases', 'icu_ventilator_occupancy']",[],uk_covid_nation_1D/cumulative,33.05797317720373,,1.7046575546264648,240,dae0212e3fa73904,False,0.8.0,33.05797317720373,41.02392999111932,0.09046535264481782,0.07324055101288332,240.0,392.401930809021,667.3368229978612,28.36368590593338,38.14650893211365,240.0,56.60210996121168,14.770690364102025,3.421523481607437,6.106960907578468,0.0,0.0,0.0,0.0,0.0,0.0,0.0,0.0,0.0,0.0,0.0,0.0,0.0,0.0,0.0,0.0,0.0,0.0,0.0,0.0,0.0,0.0,9.0,146.0,85.0,0.0,0.0,0.0,0.0,0.0,0.0,0.0,0.0,0.0,0.0,0.0,0.0,0.0,0.0,0.0,0.0,0.0,0.0,0.0,0.0,0.0,0.0,0.0,0.0,7.0,49.0,149.0,35.0,0.0,0.0,0.0,0.0,0.0,0.0,0.0,0.0,0.0,480.0,240.0,480.0,240.0,480.0,240.0,2.0,2.0,2.0,41.02392999111932,33.05797317720373,0.07324055101288332,41.02392999111932,33.05797317720373,0.07324055101288332,41.02392999111932,33.05797317720373,0.07324055101288332,82.29064289012818,61.172520310035225,0.14311404977025668,41.02392999111932,33.05797317720373,0.07324055101288332
uk_covid_nation_1W,"['new_admissions', 'new_cases', 'new_deaths']",8,1,4,covariate,0.7,eo:model-step=010400-wql=0.2141-mase=0.9670-composite=0.5152,/group-volume/ts-dataset/benchmarks/fev_bench/uk_covid_nation/1W/*.parquet,uk_covid_nation_1W,-32,8,1,,SQL,"['MASE', {'name': 'WAPE', 'epsilon': 1.0}, {'name': 'WQL', 'epsilon': 1.0}]","[0.1, 0.2, 0.3, 0.4, 0.5, 0.6, 0.7, 0.8, 0.9]",id,timestamp,,[],"['hospital_cases', 'icu_ventilator_occupancy', 'new_vaccinated_1', 'new_vaccinated_2', 'new_vaccinated_3']",[],uk_covid_nation_1W/new,3.6744281132823224,,0.7275407314300537,48,c1544674699f895d,False,0.8.0,3.6744281132823224,4.294959062561225,0.42736953363754027,0.39132531526603653,48.0,28.370749816298485,23.207296938713185,0.764689102768898,4.578876852989197,48.0,7.2531615030020475,1.7651041228705964,0.2712088283151388,1.4993222951889038,0.0,0.0,0.0,0.0,0.0,0.0,0.0,0.0,0.0,0.0,0.0,0.0,0.0,0.0,0.0,0.0,0.0,0.0,1.0,3.0,8.0,16.0,12.0,8.0,0.0,0.0,0.0,0.0,0.0,0.0,0.0,0.0,0.0,0.0,0.0,0.0,0.0,0.0,0.0,0.0,0.0,0.0,0.0,0.0,0.0,0.0,0.0,2.0,6.0,12.0,15.0,9.0,3.0,1.0,0.0,0.0,0.0,0.0,0.0,0.0,0.0,0.0,96.0,48.0,96.0,48.0,96.0,48.0,2.0,2.0,2.0,4.294959062561225,3.6744281132823224,0.39132531526603653,4.294959062561225,3.6744281132823224,0.39132531526603653,4.294959062561225,3.6744281132823224,0.39132531526603653,4.455578375050207,3.7137480759730495,0.38517112126451974,4.294959062561225,3.6744281132823224,0.39132531526603653
uk_covid_nation_1W,"['cumulative_admissions', 'cumulative_cases', 'cumulative_deaths']",8,1,4,covariate,0.7,eo:model-step=010400-wql=0.2141-mase=0.9670-composite=0.5152,/group-volume/ts-dataset/benchmarks/fev_bench/uk_covid_nation/1W/*.parquet,uk_covid_nation_1W,-32,8,1,,SQL,"['MASE', {'name': 'WAPE', 'epsilon': 1.0}, {'name': 'WQL', 'epsilon': 1.0}]","[0.1, 0.2, 0.3, 0.4, 0.5, 0.6, 0.7, 0.8, 0.9]",id,timestamp,,[],"['cumulative_vaccinated_1', 'cumulative_vaccinated_2', 'cumulative_vaccinated_3', 'hospital_cases', 'icu_ventilator_occupancy']",[],uk_covid_nation_1W/cumulative,9.60749143562326,,0.723860502243042,48,c1544674699f895d,False,0.8.0,9.60749143562326,12.030316351647729,0.1038433690937116,0.08128262141028095,48.0,71.3375324010849,107.38839676395013,4.9593727588653564,6.805980682373047,48.0,11.061045974493027,2.765421565646908,0.5107368528842926,1.219880759716034,0.0,0.0,0.0,0.0,0.0,0.0,0.0,0.0,0.0,0.0,0.0,0.0,0.0,0.0,0.0,0.0,0.0,0.0,0.0,0.0,0.0,0.0,0.0,46.0,2.0,0.0,0.0,0.0,0.0,0.0,0.0,0.0,0.0,0.0,0.0,0.0,0.0,0.0,0.0,0.0,0.0,0.0,0.0,0.0,0.0,0.0,0.0,0.0,0.0,2.0,7.0,32.0,7.0,0.0,0.0,0.0,0.0,0.0,0.0,0.0,0.0,0.0,96.0,48.0,96.0,48.0,96.0,48.0,2.0,2.0,2.0,12.030316351647729,9.60749143562326,0.08128262141028095,12.030316351647729,9.60749143562326,0.08128262141028095,12.030316351647729,9.60749143562326,0.08128262141028095,13.671390825589443,10.796292491226623,0.11486500748973723,12.030316351647729,9.60749143562326,0.08128262141028095
fred_md_2025,"['CPIAUCSL', 'FEDFUNDS', 'PAYEMS']",12,1,20,covariate,1.2,eo:model-step=010400-wql=0.2141-mase=0.9670-composite=0.5152,/group-volume/ts-dataset/benchmarks/fev_bench/fred_md_2025/*.parquet,fred_md_2025,-240,12,1,,SQL,"['MASE', {'name': 'WAPE', 'epsilon': 1.0}, {'name': 'WQL', 'epsilon': 1.0}]","[0.1, 0.2, 0.3, 0.4, 0.5, 0.6, 0.7, 0.8, 0.9]",id,timestamp,,[],"['M2REAL', 'NONBORRES', 'PPICMM', 'TOTRESNS']",[],fred_md_2025/cee,20.121206499451,,1.2486977577209473,60,764e9294023ee081,False,0.8.0,20.121206499451,24.926873942158117,0.29226977411460886,0.24765916980292008,60.0,83.237558927387,123.29784000149175,20.87317654117942,32.56726932525635,60.0,12.523034900426865,2.925446309135605,3.103918209671974,5.421110108494759,0.0,0.0,0.0,0.0,0.0,0.0,0.0,0.0,0.0,0.0,0.0,0.0,0.0,0.0,0.0,0.0,0.0,1.0,0.0,1.0,0.0,2.0,2.0,54.0,0.0,0.0,0.0,0.0,0.0,0.0,0.0,0.0,0.0,0.0,0.0,0.0,0.0,0.0,0.0,0.0,0.0,0.0,0.0,0.0,0.0,0.0,0.0,0.0,0.0,3.0,15.0,37.0,5.0,0.0,0.0,0.0,0.0,0.0,0.0,0.0,0.0,0.0,120.0,60.0,120.0,60.0,120.0,60.0,2.0,2.0,2.0,24.926873942158117,20.121206499451,0.24765916980292008,24.926873942158117,20.121206499451,0.24765916980292008,24.926873942158117,20.121206499451,0.24765916980292008,65.56454597438511,47.71919044383119,0.31852105052883306,24.926873942158117,20.121206499451,0.24765916980292008
fred_qd_2025,"['CPIAUCSL', 'FEDFUNDS', 'PAYEMS']",8,1,20,covariate,1.4,eo:model-step=010400-wql=0.2141-mase=0.9670-composite=0.5152,/group-volume/ts-dataset/benchmarks/fev_bench/fred_qd_2025/*.parquet,fred_qd_2025,-160,8,1,,SQL,"['MASE', {'name': 'WAPE', 'epsilon': 1.0}, {'name': 'WQL', 'epsilon': 1.0}]","[0.1, 0.2, 0.3, 0.4, 0.5, 0.6, 0.7, 0.8, 0.9]",id,timestamp,,[],"['M2REAL', 'NONBORRES', 'PPICMM', 'TOTRESNS']",[],fred_qd_2025/cee,5.868744776052013,,1.3684048652648926,60,d257091c861020bf,False,0.8.0,5.868744776052013,7.428679858692104,0.35868803415868855,0.27812077568926985,60.0,81.04206244647503,120.20418675682764,17.057720467448235,33.195016384124756,60.0,19.924423672258854,7.341253674691537,4.976956404745579,8.661826074123383,0.0,0.0,0.0,0.0,0.0,0.0,0.0,0.0,0.0,0.0,0.0,0.0,0.0,0.0,0.0,0.0,0.0,0.0,0.0,2.0,1.0,1.0,7.0,47.0,2.0,0.0,0.0,0.0,0.0,0.0,0.0,0.0,0.0,0.0,0.0,0.0,0.0,0.0,0.0,0.0,0.0,0.0,0.0,0.0,0.0,0.0,0.0,0.0,0.0,1.0,2.0,29.0,27.0,1.0,0.0,0.0,0.0,0.0,0.0,0.0,0.0,0.0,120.0,60.0,120.0,60.0,120.0,60.0,2.0,2.0,2.0,7.428679858692104,5.868744776052013,0.27812077568926985,7.428679858692104,5.868744776052013,0.27812077568926985,7.428679858692104,5.868744776052013,0.27812077568926985,23.214960613030257,17.157427465503027,0.2755629785205922,7.428679858692104,5.868744776052013,0.27812077568926985
gvar,"['Dp', 'ep', 'eq', 'lr', 'r', 'y']",8,4,10,covariate,3.7,eo:model-step=010400-wql=0.2141-mase=0.9670-composite=0.5152,/group-volume/ts-dataset/benchmarks/fev_bench/gvar/*.parquet,gvar,-80,8,1,,SQL,"['MASE', {'name': 'WAPE', 'epsilon': 1.0}, {'name': 'WQL', 'epsilon': 1.0}]","[0.1, 0.2, 0.3, 0.4, 0.5, 0.6, 0.7, 0.8, 0.9]",id,timestamp,,[],"['pmat', 'pmetal', 'poil']",[],gvar,0.9784891902623727,,3.659620523452759,1980,f9353d7e5df197ee,False,0.8.0,0.9784891902623727,1.2613400633000247,0.029367964493661053,0.023260506309226436,1980.0,1991.6911670565605,2533.367097330616,0.31136368587613106,18.97830903530121,1980.0,572.2861718013883,226.35647120012516,0.26160123758018017,7.592650592327118,0.0,0.0,0.0,0.0,0.0,0.0,0.0,0.0,0.0,0.0,0.0,0.0,0.0,0.0,0.0,0.0,63.0,167.0,9.0,23.0,39.0,101.0,426.0,1115.0,37.0,0.0,0.0,0.0,0.0,0.0,0.0,0.0,0.0,0.0,0.0,0.0,0.0,0.0,0.0,0.0,0.0,0.0,0.0,0.0,0.0,0.0,0.0,93.0,167.0,96.0,204.0,598.0,681.0,141.0,0.0,0.0,0.0,0.0,0.0,0.0,0.0,0.0,3960.0,1980.0,3960.0,1980.0,3960.0,1980.0,2.0,2.0,2.0,1.2613400633000247,0.9784891902623727,0.023260506309226436,1.2613400633000247,0.9784891902623727,0.023260506309226436,1.2613400633000247,0.9784891902623727,0.023260506309226436,1.8817027987155455,1.431030390847433,0.029256884141287957,1.2613400633000247,0.9784891902623727,0.023260506309226436
