cell,H,phi,rho,oracle_mse,explained,xvar_corr,iter1_MASE,iter2_MASE,gap_MASE,gap_pct_MASE,win_MASE,n_MASE,iter1_WQL,iter2_WQL,gap_WQL,gap_pct_WQL,win_WQL,n_WQL
H16_philow_rholow,16,low,low,0.25,0.0,0.0,0.5471578269426343,0.5480001560556627,-0.000842329113028395,-0.1539462786697388,0.3125,16,0.4983653220359362,0.48436205768334034,0.014003264352595857,2.809839235079464,1.0,16
H16_philow_rhomid,16,low,mid,0.25,0.0,0.0,0.5471578269426343,0.5480001560556627,-0.000842329113028395,-0.1539462786697388,0.3125,16,0.4983653220359362,0.48436205768334034,0.014003264352595857,2.809839235079464,1.0,16
H16_philow_rhohigh,16,low,high,0.25,0.0,0.0,0.5471578269426343,0.5480001560556627,-0.000842329113028395,-0.1539462786697388,0.3125,16,0.4983653220359362,0.48436205768334034,0.014003264352595857,2.809839235079464,1.0,16
H16_phimid_rholow,16,mid,low,0.125,0.4993930882090107,0.008647126714316413,0.5441913888350601,0.5377109734254868,0.006480415409573337,1.1908338761930495,0.9375,16,0.4927217538109673,0.46871017155601347,0.02401158225495381,4.873253934748304,1.0,16
H16_phimid_rhomid,16,mid,mid,0.125,0.4981824157431588,0.50394056138898,0.5449020803014637,0.5382223300532174,0.006679750248246297,1.2258624970840204,0.875,16,0.49487396902948666,0.47005953515873505,0.024814433870751607,5.014293622963438,1.0,16
H16_phimid_rhohigh,16,mid,high,0.125,0.49937727360499723,0.8982009747919489,0.5402227318554317,0.5355663593596744,0.004656372495757233,0.8619356834105453,0.8125,16,0.48937042189125,0.4666158579463143,0.02275456394493569,4.649762823220302,1.0,16
H16_phihigh_rholow,16,high,low,0.024999999999999994,0.9003273023237035,0.010100412820672882,0.5355886142376896,0.5225374652343757,0.013051149003313833,2.436786118369919,0.9375,16,0.4879787528282414,0.4541855975793522,0.033793155248889206,6.9251284104133335,1.0,16
H16_phihigh_rhomid,16,high,mid,0.024999999999999994,0.9013159229292445,0.5118846035088183,0.5365138019926033,0.5249262287777123,0.011587573214891012,2.1597903300632635,0.9375,16,0.4899481795715209,0.4572627087645228,0.03268547080699813,6.671209766629374,1.0,16
H16_phihigh_rhohigh,16,high,high,0.024999999999999994,0.8994750032570006,0.899179590330645,0.5347972891395534,0.5225390283078489,0.012258260831704448,2.292132193008499,1.0,16,0.491841793480718,0.4563456078704181,0.03549618561029988,7.216992553458444,1.0,16
